Location,Pokemon,HG,SS,Method,Levels,Morning Rate,Day Rate,Night Rate
Violet City,poliwag,True,True,Surfing,10-25,90%,90%,90%
Violet City,poliwhirl,True,True,Surfing,15-32,10%,10%,10%
Violet City,poliwag,True,True,Fishing Old Rod,10,15%,15%,15%
Violet City,magikarp,True,True,Fishing Old Rod,10,85%,85%,85%
Violet City,poliwag,True,True,Fishing Good Rod,20,60%,60%,60%
Violet City,magikarp,True,True,Fishing Good Rod,20,40%,40%,40%
Violet City,poliwag,True,True,Fishing Super Rod,40,80%,80%,80%
Violet City,magikarp,True,True,Fishing Super Rod,40,20%,20%,20%
Violet City,exeggcute,True,True,Headbutt,10,20%,20%,20%
Violet City,hoothoot,True,True,Headbutt,2-3,50%,50%,50%
Violet City,pineco,True,True,Headbutt,10,30%,30%,30%
Violet City,exeggcute,True,True,Headbutt,10,20%,20%,20%
Violet City,hoothoot,True,True,Headbutt,4-5,50%,50%,50%
Violet City,hoothoot,True,True,Headbutt,10,30%,30%,30%
Violet City,whiscash,True,True,Swarm,10,15%,15%,15%
Violet City,whiscash,True,True,Swarm,20,65%,65%,65%
Violet City,whiscash,True,True,Swarm,40,100%,100%,100%
Violet City,togepi,True,True,Egg,1,One,One,One
Violet City,mareep,True,True,Egg,1,One,One,One
Violet City,wooper,True,True,Egg,1,One,One,One
Violet City,slugma,True,True,Egg,1,One,One,One
Violet City,onix,True,True,Trade Bellsprout,The same as the Traded Pokémon,One,One,One
Lake of Rage,magikarp,True,True,Surfing,5-20,90%,90%,90%
Lake of Rage,gyarados,True,True,Surfing,10-20,10%,10%,10%
Lake of Rage,magikarp,True,True,Fishing Old Rod,10,100%,100%,100%
Lake of Rage,magikarp,True,True,Fishing Good Rod,20,90%,90%,90%
Lake of Rage,gyarados,True,True,Fishing Good Rod,20,10%,10%,10%
Lake of Rage,magikarp,True,True,Fishing Super Rod,40,70%,70%,70%
Lake of Rage,gyarados,True,True,Fishing Super Rod,40,30%,30%,30%
Lake of Rage,exeggcute,True,True,Headbutt,14-16,20%,20%,20%
Lake of Rage,hoothoot,True,True,Headbutt,14-16,50%,50%,50%
Lake of Rage,pineco,True,True,Headbutt,14-16,30%,30%,30%
Lake of Rage,venonat,True,True,Headbutt,17-19,15%,15%,15%
Lake of Rage,exeggcute,True,True,Headbutt,17-19,20%,20%,20%
Lake of Rage,hoothoot,True,True,Headbutt,17-19,65%,65%,65%
Lake of Rage,gyarados_shiny,True,True,Only one,30,One,One,One
Blackthorn City,magikarp,True,True,Surfing,2-20,100%,100%,100%
Blackthorn City,poliwag,True,True,Fishing Old Rod,10,5%,5%,5%
Blackthorn City,magikarp,True,True,Fishing Old Rod,10,95%,95%,95%
Blackthorn City,poliwag,True,True,Fishing Good Rod,20,40%,40%,40%
Blackthorn City,magikarp,True,True,Fishing Good Rod,20,60%,60%,60%
Blackthorn City,poliwag,True,True,Fishing Super Rod,40,93%,93%,93%
Blackthorn City,magikarp,True,True,Fishing Super Rod,40,7%,7%,7%
Blackthorn City,dodrio,True,True,Trade Dragonair ♀,The same as the Traded Pokémon,One,One,One
Vermilion City,diglett,True,True,Rock Smash,24-37,90%,90%,90%
Vermilion City,shuckle,True,True,Rock Smash,32-35,10%,10%,10%
Vermilion City,spearow,True,True,Headbutt,11-13,50%,50%,50%
Vermilion City,heracross,True,True,Headbutt,11-13,30%,30%,30%
Vermilion City,combee,True,True,Headbutt,11-13,20%,20%,20%
Vermilion City,spearow,True,True,Headbutt,14-16,80%,80%,80%
Vermilion City,combee,True,True,Headbutt,14-16,20%,20%,20%
Vermilion City,tentacool,True,True,Surfing,30-35,90%,90%,90%
Vermilion City,tentacruel,True,True,Surfing,35,10%,10%,10%
Vermilion City,tentacool,True,True,Fishing Old Rod,10,5%,5%,5%
Vermilion City,magikarp,True,True,Fishing Old Rod,10,95%,95%,95%
Vermilion City,tentacool,True,True,Fishing Good Rod,20,30%,30%,30%
Vermilion City,shellder,True,True,Fishing Good Rod,20,3%,3%,3%
Vermilion City,magikarp,True,True,Fishing Good Rod,20,60%,60%,60%
Vermilion City,chinchou,True,True,Fishing Good Rod,20,7%,7%,7%
Vermilion City,tentacruel,True,True,Fishing Super Rod,40,7%,7%,7%
Vermilion City,shellder,True,True,Fishing Super Rod,40,30%,30%,30%
Vermilion City,chinchou,True,True,Fishing Super Rod,40,60%,60%,60%
Vermilion City,lanturn,True,True,Fishing Super Rod,40,3%,3%,3%
Vermilion City,wingull,True,True,Swarm,35,60%,60%,60%
Route 1,pidgey,True,True,Grass,2-4,45%,45%,0%
Route 1,rattata,True,True,Grass,2,30%,30%,0%
Route 1,rattata,True,True,Grass,2-6,0%,0%,55%
Route 1,sentret,True,True,Grass,3,20%,20%,0%
Route 1,furret,True,True,Grass,6,5%,5%,0%
Route 1,hoothoot,True,True,Grass,2-4,0%,0%,45%
Route 1,hoothoot,True,True,Headbutt,2-3,50%,50%,50%
Route 1,pineco,True,True,Headbutt,2-3,30%,30%,30%
Route 1,wurmple,True,True,Headbutt,2-3,20%,20%,20%
Route 1,hoothoot,True,True,Headbutt,5-6,50%,50%,50%
Route 1,ledyba,False,True,Headbutt,5-6,30%,30%,30%
Route 1,spinarak,True,False,Headbutt,5-6,30%,30%,30%
Route 1,wurmple,True,True,Headbutt,5-6,20%,20%,20%
Route 1,poochyena,True,True,Swarm,2,40%,40%,40%
Route 1,plusle,True,True,Hoenn Sound,2,20%,20%,20%
Route 1,minun,True,True,Hoenn Sound,3,20%,20%,20%
Route 1,shinx,True,True,Sinnoh Sound,2-3,40%,40%,40%
Route 2,caterpie,True,False,Grass,3-4,31%,31%,0%
Route 2,metapod,True,False,Grass,5,20%,0%,0%
Route 2,butterfree,True,False,Grass,7-8,10%,10%,0%
Route 2,weedle,False,True,Grass,4,1%,1%,1%
Route 2,weedle,False,True,Grass,3,10%,30%,0%
Route 2,weedle,False,True,Grass,5,0%,0%,10%
Route 2,kakuna,False,True,Grass,5,20%,20%,0%
Route 2,kakuna,False,True,Grass,3,0%,0%,10%
Route 2,kakuna,False,True,Grass,7,0%,0%,1%
Route 2,beedrill,False,True,Grass,7,10%,0%,0%
Route 2,beedrill,False,True,Grass,10,0%,0%,4%
Route 2,pidgey,True,False,Grass,3,30%,20%,0%
Route 2,pidgey,True,False,Grass,3-5,0%,30%,0%
Route 2,pidgey,False,True,Grass,3,20%,10%,0%
Route 2,pidgey,False,True,Grass,3-7,0%,30%,0%
Route 2,pidgeotto,True,False,Grass,7,5%,0%,0%
Route 2,pidgeotto,True,False,Grass,7-10,0%,9%,0%
Route 2,pidgeotto,False,True,Grass,7,0%,5%,0%
Route 2,hoothoot,True,False,Grass,3-5,0%,0%,50%
Route 2,hoothoot,False,True,Grass,3-5,0%,0%,60%
Route 2,noctowl,True,False,Grass,7-10,0%,0%,14%
Route 2,noctowl,False,True,Grass,7,0%,0%,14%
Route 2,ledyba,False,True,Grass,3,30%,0%,0%
Route 2,ledyba,False,True,Grass,10,0%,4%,0%
Route 2,ledian,False,True,Grass,7-10,9%,0%,0%
Route 2,spinarak,True,False,Grass,10,4%,0%,0%
Route 2,spinarak,True,False,Grass,3-4,0%,0%,31%
Route 2,ariados,True,False,Grass,7,0%,0%,5%
Route 2,hoothoot,True,True,Headbutt,3-4,50%,50%,50%
Route 2,pineco,True,True,Headbutt,3-4,30%,30%,30%
Route 2,wurmple,True,True,Headbutt,3-4,20%,20%,20%
Route 2,hoothoot,True,True,Headbutt,5-7,50%,50%,50%
Route 2,ledyba,False,True,Headbutt,5-7,30%,30%,30%
Route 2,spinarak,True,False,Headbutt,5-7,30%,30%,30%
Route 2,wurmple,True,True,Headbutt,5-7,20%,20%,20%
Route 2,plusle,True,True,Hoenn Sound,3,20%,20%,20%
Route 2,minun,True,True,Hoenn Sound,5,20%,20%,20%
Route 2,shinx,True,True,Sinnoh Sound,3-5,40%,40%,40%
Route 3,rattata,True,False,Grass,5-10,35%,35%,60%
Route 3,rattata,False,True,Grass,5,30%,30%,0%
Route 3,rattata,False,True,Grass,5-8,0%,0%,35%
Route 3,spearow,True,False,Grass,5-8,55%,55%,0%
Route 3,spearow,False,True,Grass,5-8,35%,35%,0%
Route 3,ekans,False,True,Grass,8,20%,20%,20%
Route 3,arbok,False,True,Grass,10,5%,5%,5%
Route 3,jigglypuff,True,True,Grass,6,10%,10%,10%
Route 3,zubat,True,True,Grass,5,0%,0%,30%
Route 3,hoothoot,True,True,Headbutt,6-7,50%,50%,50%
Route 3,pineco,True,True,Headbutt,6-7,30%,30%,30%
Route 3,wurmple,True,True,Headbutt,6-7,20%,20%,20%
Route 3,hoothoot,True,True,Headbutt,9-10,80%,80%,80%
Route 3,wurmple,True,True,Headbutt,9-10,20%,20%,20%
Route 3,baltoy,True,False,Swarm,5,40%,40%,40%
Route 3,gulpin,False,True,Swarm,5,40%,40%,40%
Route 3,plusle,True,True,Hoenn Sound,5,20%,20%,20%
Route 3,minun,True,True,Hoenn Sound,8,20%,20%,20%
Route 3,shinx,True,True,Sinnoh Sound,5-8,40%,40%,40%
Route 4,rattata,True,False,Grass,5-10,35%,35%,60%
Route 4,rattata,False,True,Grass,5,30%,30%,0%
Route 4,rattata,False,True,Grass,5-8,0%,0%,35%
Route 4,spearow,True,False,Grass,5-8,55%,55%,0%
Route 4,spearow,False,True,Grass,5-8,35%,35%,0%
Route 4,ekans,False,True,Grass,8,20%,20%,20%
Route 4,arbok,False,True,Grass,10,5%,5%,5%
Route 4,jigglypuff,True,True,Grass,6,10%,10%,10%
Route 4,zubat,True,True,Grass,5,0%,0%,30%
Route 4,goldeen,True,True,Surfing,5-10,90%,90%,90%
Route 4,seaking,True,True,Surfing,10,10%,10%,10%
Route 4,goldeen,True,True,Fishing Old Rod,10,15%,15%,15%
Route 4,magikarp,True,True,Fishing Old Rod,10,85%,85%,85%
Route 4,goldeen,True,True,Fishing Good Rod,20,60%,60%,60%
Route 4,magikarp,True,True,Fishing Good Rod,20,40%,40%,40%
Route 4,goldeen,True,True,Fishing Super Rod,40,70%,70%,70%
Route 4,seaking,True,True,Fishing Super Rod,40,10%,10%,10%
Route 4,magikarp,True,True,Fishing Super Rod,40,20%,20%,20%
Route 4,hoothoot,True,True,Headbutt,6-7,50%,50%,50%
Route 4,pineco,True,True,Headbutt,6-7,30%,30%,30%
Route 4,wurmple,True,True,Headbutt,6-7,20%,20%,20%
Route 4,hoothoot,True,True,Headbutt,9-10,80%,80%,80%
Route 4,wurmple,True,True,Headbutt,9-10,20%,20%,20%
Route 4,linoone,True,True,Hoenn Sound,8,20%,20%,20%
Route 4,whismur,True,True,Hoenn Sound,5,20%,20%,20%
Route 4,bidoof,True,True,Sinnoh Sound,8,20%,20%,20%
Route 4,buizel,True,True,Sinnoh Sound,5,20%,20%,20%
Route 5,pidgey,True,False,Grass,13-15,60%,60%,0%
Route 5,pidgey,False,True,Grass,13-15,40%,40%,0%
Route 5,oddish,True,False,Grass,13,0%,0%,60%
Route 5,oddish,False,True,Grass,13,0%,0%,30%
Route 5,gloom,True,True,Grass,15,0%,0%,10%
Route 5,meowth,False,True,Grass,14,20%,20%,0%
Route 5,meowth,False,True,Grass,13,0%,0%,30%
Route 5,abra,True,True,Grass,12-14,10%,10%,10%
Route 5,bellsprout,True,True,Grass,13,30%,30%,0%
Route 5,bellsprout,True,True,Grass,14,0%,0%,20%
Route 5,hoothoot,True,True,Headbutt,11-13,50%,50%,50%
Route 5,pineco,True,True,Headbutt,11-13,30%,30%,30%
Route 5,combee,True,True,Headbutt,11-13,20%,20%,20%
Route 5,hoothoot,True,True,Headbutt,16-17,80%,80%,80%
Route 5,combee,True,True,Headbutt,16-17,20%,20%,20%
Route 5,plusle,True,True,Hoenn Sound,13,20%,20%,20%
Route 5,minun,True,True,Hoenn Sound,14,20%,20%,20%
Route 5,shinx,True,True,Sinnoh Sound,13-14,40%,40%,40%
Route 6,pidgey,True,True,Grass,13,20%,20%,0%
Route 6,pidgey,True,False,Grass,13-14,30%,30%,0%
Route 6,pidgey,False,True,Grass,13,10%,10%,0%
Route 6,oddish,True,False,Grass,13,0%,0%,60%
Route 6,oddish,False,True,Grass,13,0%,0%,30%
Route 6,meowth,False,True,Grass,14,20%,20%,0%
Route 6,meowth,False,True,Grass,13,0%,0%,30%
Route 6,magnemite,True,True,Grass,15,10%,10%,10%
Route 6,abra,True,True,Grass,12-14,10%,10%,10%
Route 6,bellsprout,True,True,Grass,13,30%,30%,0%
Route 6,bellsprout,True,True,Grass,14,0%,0%,20%
Route 6,psyduck,True,True,Surfing,5-10,90%,90%,90%
Route 6,golduck,True,True,Surfing,10,10%,10%,10%
Route 6,poliwag,True,True,Fishing Old Rod,10,5%,5%,5%
Route 6,magikarp,True,True,Fishing Old Rod,10,95%,95%,95%
Route 6,poliwag,True,True,Fishing Good Rod,20,40%,40%,40%
Route 6,magikarp,True,True,Fishing Good Rod,20,60%,60%,60%
Route 6,poliwag,True,True,Fishing Super Rod,40,93%,93%,93%
Route 6,magikarp,True,True,Fishing Super Rod,40,7%,7%,7%
Route 6,hoothoot,True,True,Headbutt,11-13,50%,50%,50%
Route 6,pineco,True,True,Headbutt,11-13,30%,30%,30%
Route 6,combee,True,True,Headbutt,11-13,20%,20%,20%
Route 6,hoothoot,True,True,Headbutt,16-17,80%,80%,80%
Route 6,combee,True,True,Headbutt,16-17,20%,20%,20%
Route 6,linoone,True,True,Hoenn Sound,14,20%,20%,20%
Route 6,whismur,True,True,Hoenn Sound,13,20%,20%,20%
Route 6,bidoof,True,True,Sinnoh Sound,14,20%,20%,20%
Route 6,buizel,True,True,Sinnoh Sound,13,20%,20%,20%
Route 7,rattata,True,False,Grass,17,30%,30%,30%
Route 7,rattata,True,False,Grass,15-19,10%,0%,0%
Route 7,rattata,True,False,Grass,19,0%,5%,0%
Route 7,rattata,False,True,Grass,15,5%,0%,0%
Route 7,raticate,True,True,Grass,19,10%,10%,10%
Route 7,spearow,True,True,Grass,17,30%,30%,0%
Route 7,vulpix,False,True,Grass,18,20%,20%,20%
Route 7,vulpix,False,True,Grass,15,0%,5%,0%
Route 7,meowth,False,True,Grass,17,30%,30%,30%
Route 7,persian,False,True,Grass,19,5%,5%,5%
Route 7,growlithe,True,False,Grass,18,20%,20%,20%
Route 7,growlithe,True,False,Grass,15,0%,5%,0%
Route 7,murkrow,True,True,Grass,17,0%,0%,10%
Route 7,murkrow,True,False,Grass,17-19,0%,0%,25%
Route 7,murkrow,False,True,Grass,17,0%,0%,20%
Route 7,houndour,True,True,Grass,15,0%,0%,5%
Route 7,spearow,True,True,Headbutt,15-17,50%,50%,50%
Route 7,heracross,True,True,Headbutt,15-17,30%,30%,30%
Route 7,combee,True,True,Headbutt,15-17,20%,20%,20%
Route 7,spearow,True,True,Headbutt,18-20,80%,80%,80%
Route 7,combee,True,True,Headbutt,18-20,20%,20%,20%
Route 7,plusle,True,True,Hoenn Sound,17,20%,20%,20%
Route 7,minun,True,True,Hoenn Sound,18,20%,20%,20%
Route 7,shinx,True,True,Sinnoh Sound,17-18,40%,40%,40%
Route 8,pidgeotto,True,False,Grass,17-19,65%,65%,0%
Route 8,pidgeotto,False,True,Grass,17-19,35%,35%,0%
Route 8,vulpix,False,True,Grass,18,10%,10%,0%
Route 8,vulpix,False,True,Grass,17,0%,0%,5%
Route 8,meowth,False,True,Grass,17,30%,30%,30%
Route 8,growlithe,True,False,Grass,18,10%,10%,0%
Route 8,growlithe,True,False,Grass,17,0%,0%,5%
Route 8,abra,True,True,Grass,15,20%,20%,20%
Route 8,kadabra,True,True,Grass,15,5%,5%,5%
Route 8,haunter,True,True,Grass,19,0%,0%,30%
Route 8,noctowl,True,False,Grass,17-18,0%,0%,40%
Route 8,noctowl,False,True,Grass,18,0%,0%,10%
Route 8,hoothoot,True,True,Headbutt,16-17,50%,50%,50%
Route 8,pineco,True,True,Headbutt,16-17,30%,30%,30%
Route 8,combee,True,True,Headbutt,16-17,20%,20%,20%
Route 8,hoothoot,True,True,Headbutt,18-19,80%,80%,80%
Route 8,combee,True,True,Headbutt,18-19,20%,20%,20%
Route 8,plusle,True,True,Hoenn Sound,17-19,20%,20%,20%
Route 8,minun,True,True,Hoenn Sound,15,20%,20%,20%
Route 8,shinx,True,True,Sinnoh Sound,15-19,40%,40%,40%
Route 9,rattata,True,False,Grass,15,30%,30%,40%
Route 9,rattata,False,True,Grass,13,30%,30%,0%
Route 9,rattata,False,True,Grass,13-15,0%,0%,70%
Route 9,raticate,True,False,Grass,15,10%,10%,0%
Route 9,raticate,True,False,Grass,13-15,0%,0%,25%
Route 9,raticate,False,True,Grass,15,15%,15%,0%
Route 9,raticate,False,True,Grass,13-15,0%,0%,30%
Route 9,spearow,True,False,Grass,13,20%,20%,0%
Route 9,spearow,False,True,Grass,13-15,50%,50%,0%
Route 9,fearow,True,True,Grass,15,5%,5%,0%
Route 9,mankey,True,False,Grass,13,30%,30%,30%
Route 9,primeape,True,False,Grass,15,5%,5%,5%
Route 9,goldeen,True,True,Surfing,10-15,90%,90%,90%
Route 9,seaking,True,True,Surfing,15,10%,10%,10%
Route 9,goldeen,True,True,Fishing Old Rod,10,5%,5%,5%
Route 9,magikarp,True,True,Fishing Old Rod,10,95%,95%,95%
Route 9,goldeen,True,True,Fishing Good Rod,20,40%,40%,40%
Route 9,magikarp,True,True,Fishing Good Rod,20,60%,60%,60%
Route 9,goldeen,True,True,Fishing Super Rod,40,90%,90%,90%
Route 9,seaking,True,True,Fishing Super Rod,40,3%,3%,3%
Route 9,magikarp,True,True,Fishing Super Rod,40,7%,7%,7%
Route 9,sableye,True,False,Swarm,13-15,40%,40%,40%
Route 9,mawile,False,True,Swarm,13-15,40%,40%,40%
Route 9,linoone,True,True,Hoenn Sound,13,20%,20%,20%
Route 9,whismur,True,True,Hoenn Sound,13-15,20%,20%,20%
Route 9,bidoof,True,True,Sinnoh Sound,13,20%,20%,20%
Route 9,buizel,True,True,Sinnoh Sound,13-15,20%,20%,20%
Route 10,raticate,True,True,Grass,15-18,25%,20%,0%
Route 10,raticate,True,True,Grass,16,0%,0%,25%
Route 10,spearow,True,True,Grass,16,30%,30%,0%
Route 10,fearow,True,True,Grass,18,10%,10%,0%
Route 10,voltorb,True,True,Grass,17,30%,30%,30%
Route 10,electabuzz,True,True,Grass,15,5%,0%,5%
Route 10,electabuzz,True,True,Grass,15-18,0%,10%,0%
Route 10,quagsire,True,True,Grass,16-18,0%,0%,40%
Route 10,goldeen,True,True,Surfing,10-15,90%,90%,90%
Route 10,seaking,True,True,Surfing,15,10%,10%,10%
Route 10,goldeen,True,True,Fishing Old Rod,10,5%,5%,5%
Route 10,magikarp,True,True,Fishing Old Rod,10,95%,95%,95%
Route 10,goldeen,True,True,Fishing Good Rod,20,40%,40%,40%
Route 10,magikarp,True,True,Fishing Good Rod,20,60%,60%,60%
Route 10,goldeen,True,True,Fishing Super Rod,40,90%,90%,90%
Route 10,seaking,True,True,Fishing Super Rod,40,3%,3%,3%
Route 10,magikarp,True,True,Fishing Super Rod,40,7%,7%,7%
Route 10,zapdos,True,True,Only one,50,One,One,One
Route 10,linoone,True,True,Hoenn Sound,16,20%,20%,20%
Route 10,whismur,True,True,Hoenn Sound,16-17,20%,20%,20%
Route 10,bidoof,True,True,Sinnoh Sound,16,20%,20%,20%
Route 10,buizel,True,True,Sinnoh Sound,16-17,20%,20%,20%
Route 11,rattata,True,True,Grass,15,30%,30%,30%
Route 11,magnemite,True,True,Grass,15,20%,20%,20%
Route 11,drowzee,True,True,Grass,14-16,40%,40%,40%
Route 11,hypno,True,True,Grass,16,10%,10%,10%
Route 11,spearow,True,True,Headbutt,13-14,50%,50%,50%
Route 11,heracross,True,True,Headbutt,13-14,30%,30%,30%
Route 11,combee,True,True,Headbutt,13-14,20%,20%,20%
Route 11,spearow,True,True,Headbutt,15-16,80%,80%,80%
Route 11,combee,True,True,Headbutt,15-16,20%,20%,20%
Route 11,snorlax,True,True,Only one,50,One,One,One
Route 11,plusle,True,True,Hoenn Sound,14-15,20%,20%,20%
Route 11,minun,True,True,Hoenn Sound,15,20%,20%,20%
Route 11,shinx,True,True,Sinnoh Sound,14-15,40%,40%,40%
Route 12,tentacruel,True,True,Surfing,25,70%,70%,70%
Route 12,quagsire,True,True,Surfing,25,30%,30%,30%
Route 12,tentacool,True,True,Fishing Old Rod,10,5%,5%,5%
Route 12,magikarp,True,True,Fishing Old Rod,10,95%,95%,95%
Route 12,tentacool,True,True,Fishing Good Rod,20,40%,40%,40%
Route 12,magikarp,True,True,Fishing Good Rod,20,60%,60%,60%
Route 12,tentacool,True,True,Fishing Super Rod,40,90%,90%,90%
Route 12,magikarp,True,True,Fishing Super Rod,40,7%,7%,7%
Route 12,qwilfish,True,True,Fishing Super Rod,40,3%,3%,3%
Route 12,hoothoot,True,True,Headbutt,22-23,50%,50%,50%
Route 12,ledyba,False,True,Headbutt,22-23,30%,30%,30%
Route 12,spinarak,True,False,Headbutt,22-23,30%,30%,30%
Route 12,wurmple,True,True,Headbutt,22-23,20%,20%,20%
Route 12,tangela,True,True,Headbutt,24-25,15%,15%,15%
Route 12,hoothoot,True,True,Headbutt,24-25,65%,65%,65%
Route 12,wurmple,True,True,Headbutt,24-25,20%,20%,20%
Route 12,relicanth,True,True,Swarm,10-40,100%,100%,100%
Route 12,snorlax,True,True,Only one,50,One,One,One
Route 13,pidgeotto,True,True,Grass,25,20%,20%,0%
Route 13,nidorina,True,True,Grass,23,30%,30%,30%
Route 13,nidorino,True,True,Grass,23,30%,30%,30%
Route 13,chansey,True,True,Grass,25,1%,1%,1%
Route 13,noctowl,True,True,Grass,25,0%,0%,20%
Route 13,hoppip,True,True,Grass,22-24,19%,19%,0%
Route 13,quagsire,True,True,Grass,22-24,0%,0%,19%
Route 13,tentacool,True,True,Surfing,25,60%,60%,60%
Route 13,tentacruel,True,True,Surfing,25,10%,10%,10%
Route 13,quagsire,True,True,Surfing,25,30%,30%,30%
Route 13,tentacool,True,True,Fishing Old Rod,10,5%,5%,5%
Route 13,magikarp,True,True,Fishing Old Rod,10,95%,95%,95%
Route 13,tentacool,True,True,Fishing Good Rod,20,40%,40%,40%
Route 13,magikarp,True,True,Fishing Good Rod,20,60%,60%,60%
Route 13,tentacool,True,True,Fishing Super Rod,40,90%,90%,90%
Route 13,magikarp,True,True,Fishing Super Rod,40,7%,7%,7%
Route 13,qwilfish,True,True,Fishing Super Rod,40,3%,3%,3%
Route 13,hoothoot,True,True,Headbutt,22-23,50%,50%,50%
Route 13,ledyba,False,True,Headbutt,22-23,30%,30%,30%
Route 13,spinarak,True,False,Headbutt,22-23,30%,30%,30%
Route 13,wurmple,True,True,Headbutt,22-23,20%,20%,20%
Route 13,tangela,True,True,Headbutt,24-25,15%,15%,15%
Route 13,hoothoot,True,True,Headbutt,24-25,65%,65%,65%
Route 13,wurmple,True,True,Headbutt,24-25,20%,20%,20%
Route 13,chansey,True,True,Swarm,23-25,40%,40%,40%
Route 13,linoone,True,True,Hoenn Sound,25,20%,20%,20%
Route 13,whismur,True,True,Hoenn Sound,23,20%,20%,20%
Route 13,bidoof,True,True,Sinnoh Sound,25,20%,20%,20%
Route 13,buizel,True,True,Sinnoh Sound,23,20%,20%,20%
Route 14,pidgeotto,True,True,Grass,25,20%,20%,0%
Route 14,nidorina,True,True,Grass,23,30%,30%,30%
Route 14,nidorino,True,True,Grass,23,30%,30%,30%
Route 14,chansey,True,True,Grass,25,1%,1%,1%
Route 14,noctowl,True,True,Grass,25,0%,0%,20%
Route 14,hoppip,True,True,Grass,24,10%,10%,0%
Route 14,skiploom,True,True,Grass,26,9%,9%,0%
Route 14,quagsire,True,True,Grass,24-26,0%,0%,19%
Route 14,hoothoot,True,True,Headbutt,26-27,50%,50%,50%
Route 14,ledyba,False,True,Headbutt,26-27,30%,30%,30%
Route 14,spinarak,True,False,Headbutt,26-27,30%,30%,30%
Route 14,wurmple,True,True,Headbutt,26-27,20%,20%,20%
Route 14,tangela,True,True,Headbutt,29-30,15%,15%,15%
Route 14,hoothoot,True,True,Headbutt,29-30,65%,65%,65%
Route 14,wurmple,True,True,Headbutt,29-30,20%,20%,20%
Route 14,plusle,True,True,Hoenn Sound,23,20%,20%,20%
Route 14,minun,True,True,Hoenn Sound,25,20%,20%,20%
Route 14,shinx,True,True,Sinnoh Sound,23-25,40%,40%,40%
Route 15,pidgeotto,True,True,Grass,25,20%,20%,0%
Route 15,nidorina,True,True,Grass,23,30%,30%,30%
Route 15,nidorino,True,True,Grass,23,30%,30%,30%
Route 15,chansey,True,True,Grass,25,1%,1%,1%
Route 15,noctowl,True,True,Grass,25,0%,0%,20%
Route 15,hoppip,True,True,Grass,22-24,19%,19%,0%
Route 15,quagsire,True,True,Grass,22-24,0%,0%,19%
Route 15,hoothoot,True,True,Headbutt,21-23,50%,50%,50%
Route 15,ledyba,False,True,Headbutt,21-23,30%,30%,30%
Route 15,spinarak,True,False,Headbutt,21-23,30%,30%,30%
Route 15,wurmple,True,True,Headbutt,21-23,20%,20%,20%
Route 15,tangela,True,True,Headbutt,24-26,15%,15%,15%
Route 15,hoothoot,True,True,Headbutt,24-26,65%,65%,65%
Route 15,wurmple,True,True,Headbutt,24-26,20%,20%,20%
Route 15,plusle,True,True,Hoenn Sound,23,20%,20%,20%
Route 15,minun,True,True,Hoenn Sound,25,20%,20%,20%
Route 15,shinx,True,True,Sinnoh Sound,23-25,40%,40%,40%
Route 16,fearow,True,True,Grass,27-29,40%,40%,0%
Route 16,grimer,True,True,Grass,26-28,50%,50%,80%
Route 16,muk,True,True,Grass,29-30,5%,5%,5%
Route 16,murkrow,True,True,Grass,29,0%,0%,10%
Route 16,slugma,True,True,Grass,"27, 29",5%,5%,5%
Route 16,spearow,True,True,Headbutt,26-27,50%,50%,50%
Route 16,heracross,True,True,Headbutt,26-27,30%,30%,30%
Route 16,combee,True,True,Headbutt,26-27,20%,20%,20%
Route 16,spearow,True,True,Headbutt,29-30,80%,80%,80%
Route 16,combee,True,True,Headbutt,29-30,20%,20%,20%
Route 16,plusle,True,True,Hoenn Sound,26-27,20%,20%,20%
Route 16,minun,True,True,Hoenn Sound,28,20%,20%,20%
Route 16,shinx,True,True,Sinnoh Sound,26-28,40%,40%,40%
Route 17,grimer,True,True,Grass,27-29,50%,50%,80%
Route 17,fearow,True,True,Grass,28-30,40%,40%,0%
Route 17,muk,True,True,Grass,30-32,5%,5%,15%
Route 17,slugma,True,True,Grass,"27, 29",5%,5%,5%
Route 17,plusle,True,True,Hoenn Sound,27-28,20%,20%,20%
Route 17,minun,True,True,Hoenn Sound,29,20%,20%,20%
Route 17,shinx,True,True,Sinnoh Sound,27-29,40%,40%,40%
Route 18,fearow,True,True,Grass,27-29,40%,40%,0%
Route 18,grimer,True,True,Grass,26-28,50%,50%,80%
Route 18,muk,True,True,Grass,30,5%,5%,0%
Route 18,muk,True,True,Grass,29-30,0%,0%,15%
Route 18,slugma,True,True,Grass,27,5%,5%,5%
Route 18,hoothoot,True,True,Headbutt,26-27,50%,50%,50%
Route 18,ledyba,False,True,Headbutt,26-27,30%,30%,30%
Route 18,spinarak,True,False,Headbutt,26-27,30%,30%,30%
Route 18,wurmple,True,True,Headbutt,26-27,20%,20%,20%
Route 18,tangela,True,True,Headbutt,29-30,15%,15%,15%
Route 18,hoothoot,True,True,Headbutt,29-30,65%,65%,65%
Route 18,wurmple,True,True,Headbutt,29-30,20%,20%,20%
Route 18,plusle,True,True,Hoenn Sound,26-27,20%,20%,20%
Route 18,minun,True,True,Hoenn Sound,28,20%,20%,20%
Route 18,shinx,True,True,Sinnoh Sound,26-28,40%,40%,40%
Route 19,tentacool,True,True,Surfing,30-35,90%,90%,90%
Route 19,tentacruel,True,True,Surfing,35,10%,10%,10%
Route 19,magikarp,True,True,Fishing Old Rod,10,95%,95%,95%
Route 19,krabby,True,True,Fishing Old Rod,10,5%,5%,5%
Route 19,magikarp,True,True,Fishing Good Rod,20,60%,60%,60%
Route 19,krabby,True,True,Fishing Good Rod,20,37%,37%,37%
Route 19,corsola,True,True,Fishing Good Rod,20,3%,3%,0%
Route 19,staryu,True,True,Fishing Good Rod,20,0%,0%,3%
Route 19,krabby,True,True,Fishing Super Rod,40,67%,67%,67%
Route 19,corsola,True,True,Fishing Super Rod,40,30%,30%,0%
Route 19,staryu,True,True,Fishing Super Rod,40,0%,0%,30%
Route 19,kingler,True,True,Fishing Super Rod,40,3%,3%,3%
Route 19,krabby,True,True,Rock Smash,24-27,90%,90%,90%
Route 19,kingler,True,True,Rock Smash,28-31,10%,10%,10%
Route 19,clamperl,True,True,Swarm,35,60%,60%,60%
Route 21,tangela,True,True,Grass,20-35,95%,90%,95%
Route 21,mr_mime,True,True,Grass,28,5%,0%,5%
Route 21,mr_mime,True,True,Grass,28-30,0%,10%,0%
Route 21,tentacool,True,True,Surfing,30-35,90%,90%,90%
Route 21,tentacruel,True,True,Surfing,35,10%,10%,10%
Route 21,tentacool,True,True,Fishing Old Rod,10,5%,5%,5%
Route 21,magikarp,True,True,Fishing Old Rod,10,95%,95%,95%
Route 21,tentacool,True,True,Fishing Good Rod,20,30%,30%,30%
Route 21,shellder,True,True,Fishing Good Rod,20,3%,3%,3%
Route 21,magikarp,True,True,Fishing Good Rod,20,60%,60%,60%
Route 21,chinchou,True,True,Fishing Good Rod,20,7%,7%,7%
Route 21,tentacruel,True,True,Fishing Super Rod,40,7%,7%,7%
Route 21,shellder,True,True,Fishing Super Rod,40,30%,30%,30%
Route 21,chinchou,True,True,Fishing Super Rod,40,60%,60%,60%
Route 21,lanturn,True,True,Fishing Super Rod,40,3%,3%,3%
Route 21,hoothoot,True,True,Headbutt,24-26,50%,50%,50%
Route 21,ledyba,False,True,Headbutt,24-26,30%,30%,30%
Route 21,spinarak,True,False,Headbutt,24-26,30%,30%,30%
Route 21,wurmple,True,True,Headbutt,24-26,20%,20%,20%
Route 21,tangela,True,True,Headbutt,27-30,15%,15%,15%
Route 21,hoothoot,True,True,Headbutt,27-30,65%,65%,65%
Route 21,wurmple,True,True,Headbutt,27-30,20%,20%,20%
Route 21,linoone,True,True,Hoenn Sound,35,20%,20%,20%
Route 21,whismur,True,True,Hoenn Sound,25-30,20%,20%,20%
Route 21,bidoof,True,True,Sinnoh Sound,35,20%,20%,20%
Route 21,buizel,True,True,Sinnoh Sound,25-30,20%,20%,20%
Route 22,ponyta,True,True,Grass,6,5%,5%,5%
Route 22,spearow,True,True,Grass,3-5,50%,50%,0%
Route 22,rattata,True,True,Grass,3,30%,30%,0%
Route 22,rattata,True,True,Grass,3-7,0%,0%,95%
Route 22,doduo,True,True,Grass,4,10%,10%,0%
Route 22,fearow,True,True,Grass,7,5%,5%,0%
Route 22,poliwag,True,True,Surfing,5-10,90%,90%,90%
Route 22,poliwhirl,True,True,Surfing,10,10%,10%,10%
Route 22,magikarp,True,True,Fishing Old Rod,10,95%,95%,95%
Route 22,poliwag,True,True,Fishing Old Rod,10,5%,5%,5%
Route 22,magikarp,True,True,Fishing Good Rod,20,60%,60%,60%
Route 22,poliwag,True,True,Fishing Good Rod,20,40%,40%,40%
Route 22,poliwag,True,True,Fishing Super Rod,40,93%,93%,93%
Route 22,magikarp,True,True,Fishing Super Rod,40,7%,7%,7%
Route 22,hoothoot,True,True,Headbutt,3-4,50%,50%,50%
Route 22,pineco,True,True,Headbutt,3-4,30%,30%,30%
Route 22,wurmple,True,True,Headbutt,3-4,20%,20%,20%
Route 22,hoothoot,True,True,Headbutt,5-7,50%,50%,50%
Route 22,ledyba,False,True,Headbutt,5-7,30%,30%,30%
Route 22,spinarak,True,False,Headbutt,5-7,30%,30%,30%
Route 22,wurmple,True,True,Headbutt,5-7,20%,20%,20%
Route 22,linoone,True,True,Hoenn Sound,5,20%,20%,20%
Route 22,whismur,True,True,Hoenn Sound,3,20%,20%,20%
Route 22,bidoof,True,True,Sinnoh Sound,5,20%,20%,20%
Route 22,buizel,True,True,Sinnoh Sound,3,20%,20%,20%
Route 24,bellsprout,True,True,Grass,"8, 10",60%,0%,0%
Route 24,bellsprout,True,True,Grass,8,0%,35%,5%
Route 24,abra,True,True,Grass,9,20%,20%,20%
Route 24,weepinbell,True,True,Grass,"12, 14",15%,15%,0%
Route 24,weepinbell,True,True,Grass,12,0%,0%,10%
Route 24,venonat,True,True,Grass,8,5%,0%,30%
Route 24,sunkern,True,True,Grass,10,0%,30%,0%
Route 24,oddish,True,True,Grass,10,0%,0%,30%
Route 24,venomoth,True,True,Grass,14,0%,0%,5%
Route 24,goldeen,True,True,Surfing,5-10,90%,90%,90%
Route 24,seaking,True,True,Surfing,10,10%,10%,10%
Route 24,magikarp,True,True,Fishing Old Rod,10,95%,95%,95%
Route 24,goldeen,True,True,Fishing Old Rod,10,5%,5%,5%
Route 24,goldeen,True,True,Fishing Good Rod,20,60%,60%,60%
Route 24,magikarp,True,True,Fishing Good Rod,20,40%,40%,40%
Route 24,goldeen,True,True,Fishing Super Rod,40,90%,90%,90%
Route 24,magikarp,True,True,Fishing Super Rod,40,7%,7%,7%
Route 24,seaking,True,True,Fishing Super Rod,40,3%,3%,3%
Route 24,linoone,True,True,Hoenn Sound,9,20%,20%,20%
Route 24,whismur,True,True,Hoenn Sound,"8, 10",20%,20%,20%
Route 24,bidoof,True,True,Sinnoh Sound,9,20%,20%,20%
Route 24,buizel,True,True,Sinnoh Sound,"8, 10",20%,20%,20%
Route 25,abra,True,True,Grass,9,10%,10%,10%
Route 25,pidgey,True,True,Grass,8,30%,50%,0%
Route 25,bellsprout,True,True,Grass,10,30%,30%,0%
Route 25,bellsprout,True,True,Grass,14,0%,0%,5%
Route 25,venonat,True,True,Grass,10,20%,0%,0%
Route 25,venonat,True,True,Grass,8,0%,0%,30%
Route 25,pidgeotto,True,True,Grass,10,5%,5%,0%
Route 25,weepinbell,True,True,Grass,14,5%,5%,0%
Route 25,weepinbell,True,True,Grass,10,0%,0%,5%
Route 25,oddish,True,True,Grass,10,0%,0%,30%
Route 25,venomoth,True,True,Grass,8,0%,0%,20%
Route 25,goldeen,True,True,Surfing,5-10,90%,90%,90%
Route 25,seaking,True,True,Surfing,10,10%,10%,10%
Route 25,magikarp,True,True,Fishing Old Rod,10,95%,95%,95%
Route 25,goldeen,True,True,Fishing Old Rod,10,5%,5%,5%
Route 25,magikarp,True,True,Fishing Good Rod,20,60%,60%,60%
Route 25,goldeen,True,True,Fishing Good Rod,20,40%,40%,40%
Route 25,goldeen,True,True,Fishing Super Rod,40,90%,90%,90%
Route 25,magikarp,True,True,Fishing Super Rod,40,7%,7%,7%
Route 25,seaking,True,True,Fishing Super Rod,40,3%,3%,3%
Route 25,hoothoot,True,True,Headbutt,10-11,50%,50%,50%
Route 25,pineco,True,True,Headbutt,10-11,30%,30%,30%
Route 25,combee,True,True,Headbutt,10-11,20%,20%,20%
Route 25,hoothoot,True,True,Headbutt,13-14,80%,80%,80%
Route 25,combee,True,True,Headbutt,13-14,20%,20%,20%
Route 25,slakoth,True,True,Headbutt,10-14,30%,30%,30%
Route 25,slakoth,True,True,Headbutt,15-18,5%,5%,5%
Route 25,combee,True,True,Headbutt,10-14,65%,65%,65%
Route 25,buneary,True,True,Swarm,8-10,40%,40%,40%
Route 25,suicune,True,True,Only one,40,One,One,One
Route 25,linoone,True,True,Hoenn Sound,8,20%,20%,20%
Route 25,whismur,True,True,Hoenn Sound,8-10,20%,20%,20%
Route 25,bidoof,True,True,Sinnoh Sound,8,20%,20%,20%
Route 25,buizel,True,True,Sinnoh Sound,8-10,20%,20%,20%
Route 26,raticate,True,False,Grass,30,5%,5%,0%
Route 26,raticate,True,False,Grass,28-30,0%,0%,35%
Route 26,raticate,False,True,Grass,28-30,35%,35%,0%
Route 26,raticate,False,True,Grass,28,0%,0%,65%
Route 26,arbok,False,True,Grass,30,5%,5%,5%
Route 26,sandslash,True,False,Grass,28,30%,30%,30%
Route 26,ponyta,True,True,Grass,32,20%,20%,20%
Route 26,doduo,True,True,Grass,28-30,40%,40%,5%
Route 26,dodrio,True,False,Grass,30,5%,5%,0%
Route 26,quagsire,True,False,Grass,30,0%,0%,10%
Route 26,quagsire,False,True,Grass,30,0%,0%,5%
Route 26,tentacool,True,True,Surfing,25-30,90%,90%,90%
Route 26,tentacruel,True,True,Surfing,30,10%,10%,10%
Route 26,tentacool,True,True,Fishing Old Rod,10,5%,5%,5%
Route 26,magikarp,True,True,Fishing Old Rod,10,95%,95%,95%
Route 26,tentacool,True,True,Fishing Good Rod,20,30%,30%,30%
Route 26,shellder,True,True,Fishing Good Rod,20,3%,3%,3%
Route 26,magikarp,True,True,Fishing Good Rod,20,60%,60%,60%
Route 26,chinchou,True,True,Fishing Good Rod,20,7%,7%,7%
Route 26,tentacruel,True,True,Fishing Super Rod,40,7%,7%,7%
Route 26,shellder,True,True,Fishing Super Rod,40,30%,30%,30%
Route 26,chinchou,True,True,Fishing Super Rod,40,60%,60%,60%
Route 26,lanturn,True,True,Fishing Super Rod,40,3%,3%,3%
Route 26,exeggcute,True,True,Headbutt,28-29,20%,20%,20%
Route 26,hoothoot,True,True,Headbutt,28-29,50%,50%,50%
Route 26,pineco,True,True,Headbutt,28-29,30%,30%,30%
Route 26,exeggcute,True,True,Headbutt,31-32,20%,20%,20%
Route 26,hoothoot,True,True,Headbutt,31-32,50%,50%,50%
Route 26,ledyba,False,True,Headbutt,31-32,30%,30%,30%
Route 26,spinarak,True,False,Headbutt,31-32,30%,30%,30%
Route 26,linoone,True,True,Hoenn Sound,32,20%,20%,20%
Route 26,whismur,True,True,Hoenn Sound,28,20%,20%,20%
Route 26,bidoof,True,True,Sinnoh Sound,32,20%,20%,20%
Route 26,buizel,True,True,Sinnoh Sound,28,20%,20%,20%
Route 27,raticate,True,False,Grass,28-30,40%,40%,40%
Route 27,raticate,False,True,Grass,30,20%,20%,10%
Route 27,arbok,False,True,Grass,28,30%,30%,30%
Route 27,sandslash,True,False,Grass,20,5%,5%,5%
Route 27,ponyta,True,True,Grass,32,5%,5%,5%
Route 27,doduo,True,False,Grass,28-30,50%,50%,0%
Route 27,doduo,False,True,Grass,28-30,40%,40%,0%
Route 27,dodrio,False,True,Grass,30,5%,5%,0%
Route 27,quagsire,True,False,Grass,28-30,0%,0%,50%
Route 27,quagsire,False,True,Grass,28-30,0%,0%,55%
Route 27,tentacool,True,True,Surfing,15-20,90%,90%,90%
Route 27,tentacruel,True,True,Surfing,20,10%,10%,10%
Route 27,tentacool,True,True,Fishing Old Rod,10,5%,5%,5%
Route 27,magikarp,True,True,Fishing Old Rod,10,95%,95%,95%
Route 27,tentacool,True,True,Fishing Good Rod,20,30%,30%,30%
Route 27,shellder,True,True,Fishing Good Rod,20,3%,3%,3%
Route 27,magikarp,True,True,Fishing Good Rod,20,60%,60%,60%
Route 27,chinchou,True,True,Fishing Good Rod,20,7%,7%,7%
Route 27,tentacruel,True,True,Fishing Super Rod,40,7%,7%,7%
Route 27,shellder,True,True,Fishing Super Rod,40,30%,30%,30%
Route 27,chinchou,True,True,Fishing Super Rod,40,60%,60%,60%
Route 27,lanturn,True,True,Fishing Super Rod,40,3%,3%,3%
Route 27,exeggcute,True,True,Headbutt,28-29,20%,20%,20%
Route 27,hoothoot,True,True,Headbutt,28-29,50%,50%,50%
Route 27,pineco,True,True,Headbutt,28-29,30%,30%,30%
Route 27,exeggcute,True,True,Headbutt,31-32,20%,20%,20%
Route 27,hoothoot,True,True,Headbutt,31-32,50%,50%,50%
Route 27,ledyba,False,True,Headbutt,31-32,30%,30%,30%
Route 27,spinarak,True,False,Headbutt,31-32,30%,30%,30%
Route 27,luvdisc,True,True,Swarm,20,60%,60%,60%
Route 27,linoone,True,True,Hoenn Sound,30,20%,20%,20%
Route 27,whismur,True,True,Hoenn Sound,28,20%,20%,20%
Route 27,bidoof,True,True,Sinnoh Sound,30,20%,20%,20%
Route 27,buizel,True,True,Sinnoh Sound,28,20%,20%,20%
Route 28,ponyta,True,True,Grass,40,30%,30%,30%
Route 28,tangela,True,True,Grass,39,30%,30%,30%
Route 28,donphan,True,False,Grass,40,20%,20%,20%
Route 28,ursaring,False,True,Grass,40,20%,20%,20%
Route 28,rapidash,True,True,Grass,42,10%,10%,0%
Route 28,rapidash,True,True,Grass,41-43,0%,0%,10%
Route 28,doduo,True,True,Grass,41,5%,5%,0%
Route 28,dodrio,True,True,Grass,43,5%,5%,0%
Route 28,sneasel,True,True,Grass,42,0%,0%,10%
Route 28,poliwag,True,True,Surfing,35-40,90%,90%,90%
Route 28,poliwhirl,True,True,Surfing,40,10%,10%,10%
Route 28,magikarp,True,True,Fishing Old Rod,10,95%,95%,95%
Route 28,poliwag,True,True,Fishing Old Rod,10,5%,5%,5%
Route 28,magikarp,True,True,Fishing Good Rod,20,60%,60%,60%
Route 28,poliwag,True,True,Fishing Good Rod,20,40%,40%,40%
Route 28,poliwag,True,True,Fishing Super Rod,40,93%,93%,93%
Route 28,magikarp,True,True,Fishing Super Rod,40,7%,7%,7%
Route 28,natu,True,True,Headbutt,39-40,20%,20%,20%
Route 28,aipom,True,True,Headbutt,39-40,30%,30%,30%
Route 28,heracross,True,True,Headbutt,39-40,50%,50%,50%
Route 28,natu,True,True,Headbutt,41-43,20%,20%,20%
Route 28,aipom,True,True,Headbutt,41-43,30%,30%,30%
Route 28,heracross,True,True,Headbutt,41-43,50%,50%,50%
Route 28,linoone,True,True,Hoenn Sound,40,20%,20%,20%
Route 28,whismur,True,True,Hoenn Sound,39-40,20%,20%,20%
Route 28,bidoof,True,True,Sinnoh Sound,40,20%,20%,20%
Route 28,buizel,True,True,Sinnoh Sound,39-40,20%,20%,20%
Route 29,pidgey,True,True,Grass,2-4,55%,55%,0%
Route 29,rattata,True,True,Grass,2-4,5%,5%,15%
Route 29,sentret,True,True,Grass,2-4,40%,40%,0%
Route 29,hoothoot,True,True,Grass,2-4,0%,0%,85%
Route 29,exeggcute,True,True,Headbutt,2-3,20%,20%,20%
Route 29,hoothoot,True,True,Headbutt,2-3,50%,50%,50%
Route 29,pineco,True,True,Headbutt,2-3,30%,30%,30%
Route 29,exeggcute,True,True,Headbutt,4-5,20%,20%,20%
Route 29,hoothoot,True,True,Headbutt,4-5,50%,50%,50%
Route 29,ledyba,False,True,Headbutt,4-5,30%,30%,30%
Route 29,spinarak,True,False,Headbutt,4-5,30%,30%,30%
Route 29,plusle,True,True,Hoenn Sound,2-3,20%,20%,20%
Route 29,minun,True,True,Hoenn Sound,2-3,20%,20%,20%
Route 29,shinx,True,True,Sinnoh Sound,2-3,40%,40%,40%
Route 30,caterpie,True,False,Grass,3-4,50%,35%,0%
Route 30,metapod,True,False,Grass,4,10%,15%,0%
Route 30,weedle,False,True,Grass,3-4,50%,35%,0%
Route 30,kakuna,False,True,Grass,4,10%,15%,0%
Route 30,pidgey,True,False,Grass,2-4,40%,50%,0%
Route 30,pidgey,False,True,Grass,3-4,10%,50%,0%
Route 30,rattata,True,True,Grass,3-4,0%,0%,40%
Route 30,hoothoot,True,False,Grass,4,0%,0%,30%
Route 30,hoothoot,False,True,Grass,3-4,0%,0%,60%
Route 30,ledyba,False,True,Grass,3,30%,0%,0%
Route 30,spinarak,True,False,Grass,2,0%,0%,30%
Route 30,poliwag,True,True,Surfing,10-25,90%,90%,90%
Route 30,poliwhirl,True,True,Surfing,15-32,10%,10%,10%
Route 30,poliwag,True,True,Fishing Old Rod,10,5%,5%,5%
Route 30,magikarp,True,True,Fishing Old Rod,10,95%,95%,95%
Route 30,poliwag,True,True,Fishing Good Rod,20,40%,40%,40%
Route 30,magikarp,True,True,Fishing Good Rod,20,60%,60%,60%
Route 30,poliwag,True,True,Fishing Super Rod,40,90%,90%,90%
Route 30,magikarp,True,True,Fishing Super Rod,40,10%,10%,10%
Route 30,exeggcute,True,True,Headbutt,2-3,20%,20%,20%
Route 30,hoothoot,True,True,Headbutt,2-3,50%,50%,50%
Route 30,pineco,True,True,Headbutt,2-3,30%,30%,30%
Route 30,exeggcute,True,True,Headbutt,4-5,20%,20%,20%
Route 30,hoothoot,True,True,Headbutt,4-5,50%,50%,50%
Route 30,ledyba,False,True,Headbutt,4-5,30%,30%,30%
Route 30,spinarak,True,False,Headbutt,4-5,30%,30%,30%
Route 30,linoone,True,True,Hoenn Sound,4,20%,20%,20%
Route 30,whismur,True,True,Hoenn Sound,2-3,20%,20%,20%
Route 30,bidoof,True,True,Sinnoh Sound,4,20%,20%,20%
Route 30,buizel,True,True,Sinnoh Sound,2-3,20%,20%,20%
Route 31,caterpie,True,False,Grass,4-5,35%,35%,0%
Route 31,metapod,True,False,Grass,5,15%,15%,0%
Route 31,weedle,False,True,Grass,4,30%,0%,0%
Route 31,weedle,False,True,Grass,4-5,0%,35%,0%
Route 31,kakuna,False,True,Grass,5,10%,15%,0%
Route 31,pidgey,True,False,Grass,3,30%,30%,0%
Route 31,pidgey,False,True,Grass,5,10%,0%,0%
Route 31,pidgey,False,True,Grass,4,0%,30%,0%
Route 31,rattata,True,True,Grass,4-5,0%,0%,40%
Route 31,bellsprout,True,True,Grass,3,20%,20%,20%
Route 31,hoothoot,True,False,Grass,5,0%,0%,10%
Route 31,hoothoot,False,True,Grass,4-5,0%,0%,40%
Route 31,ledyba,False,True,Grass,4,30%,0%,0%
Route 31,spinarak,True,False,Grass,3,0%,0%,30%
Route 31,poliwag,True,True,Surfing,10-15,90%,90%,90%
Route 31,poliwhirl,True,True,Surfing,15-32,10%,10%,10%
Route 31,poliwag,True,True,Fishing Old Rod,10,15%,15%,15%
Route 31,magikarp,True,True,Fishing Old Rod,10,85%,85%,85%
Route 31,poliwag,True,True,Fishing Good Rod,20,40%,40%,40%
Route 31,magikarp,True,True,Fishing Good Rod,20,60%,60%,60%
Route 31,poliwag,True,True,Fishing Super Rod,40,80%,80%,80%
Route 31,magikarp,True,True,Fishing Super Rod,40,20%,20%,20%
Route 31,exeggcute,True,True,Headbutt,3-4,20%,20%,20%
Route 31,hoothoot,True,True,Headbutt,3-4,50%,50%,50%
Route 31,pineco,True,True,Headbutt,3-4,30%,30%,30%
Route 31,exeggcute,True,True,Headbutt,5-6,20%,20%,20%
Route 31,hoothoot,True,True,Headbutt,5-6,50%,50%,50%
Route 31,ledyba,False,True,Headbutt,5-6,30%,30%,30%
Route 31,spinarak,True,False,Headbutt,5-6,30%,30%,30%
Route 31,linoone,True,True,Hoenn Sound,3,20%,20%,20%
Route 31,whismur,True,True,Hoenn Sound,3-4,20%,20%,20%
Route 31,bidoof,True,True,Sinnoh Sound,3,20%,20%,20%
Route 31,buizel,True,True,Sinnoh Sound,3-4,20%,20%,20%
Route 32,rattata,True,False,Grass,4-6,35%,40%,0%
Route 32,rattata,True,False,Grass,4,0%,0%,30%
Route 32,rattata,False,True,Grass,6,5%,0%,0%
Route 32,rattata,False,True,Grass,4-6,0%,10%,0%
Route 32,ekans,False,True,Grass,4,30%,30%,30%
Route 32,zubat,True,True,Grass,4,5%,0%,5%
Route 32,bellsprout,True,True,Grass,6,30%,30%,20%
Route 32,mareep,True,True,Grass,6,20%,20%,10%
Route 32,hoppip,True,True,Grass,6,10%,10%,0%
Route 32,wooper,True,True,Grass,6,0%,0%,35%
Route 32,tentacool,True,True,Surfing,10-20,60%,60%,60%
Route 32,tentacruel,True,True,Surfing,15-36,10%,10%,10%
Route 32,quagsire,True,True,Surfing,15-25,30%,30%,30%
Route 32,tentacool,True,True,Fishing Old Rod,10,15%,15%,15%
Route 32,magikarp,True,True,Fishing Old Rod,10,85%,85%,85%
Route 32,tentacool,True,True,Fishing Good Rod,20,55%,55%,55%
Route 32,magikarp,True,True,Fishing Good Rod,20,40%,40%,40%
Route 32,qwilfish,True,True,Fishing Good Rod,20,5%,5%,5%
Route 32,tentacool,True,True,Fishing Super Rod,40,70%,70%,70%
Route 32,magikarp,True,True,Fishing Super Rod,40,20%,20%,20%
Route 32,qwilfish,True,True,Fishing Super Rod,40,10%,10%,10%
Route 32,exeggcute,True,True,Headbutt,4-5,20%,20%,20%
Route 32,hoothoot,True,True,Headbutt,4-5,50%,50%,50%
Route 32,pineco,True,True,Headbutt,4-5,30%,30%,30%
Route 32,exeggcute,True,True,Headbutt,6-7,20%,20%,20%
Route 32,hoothoot,True,True,Headbutt,6-7,80%,80%,80%
Route 32,qwilfish,True,True,Swarm,10,15%,15%,15%
Route 32,qwilfish,True,True,Swarm,20,70%,70%,70%
Route 32,qwilfish,True,True,Swarm,40,100%,100%,100%
Route 32,linoone,True,True,Hoenn Sound,6,20%,20%,20%
Route 32,whismur,True,True,Hoenn Sound,4-6,20%,20%,20%
Route 32,bidoof,True,True,Sinnoh Sound,6,20%,20%,20%
Route 32,buizel,True,True,Sinnoh Sound,4-6,20%,20%,20%
Route 33,rattata,True,False,Grass,6-7,40%,0%,0%
Route 33,rattata,True,False,Grass,4-7,0%,45%,60%
Route 33,rattata,False,True,Grass,6,10%,0%,0%
Route 33,rattata,False,True,Grass,4-6,0%,15%,30%
Route 33,spearow,True,True,Grass,6,20%,20%,0%
Route 33,ekans,False,True,Grass,7,30%,30%,30%
Route 33,zubat,True,True,Grass,4,5%,0%,0%
Route 33,zubat,True,True,Grass,4-8,0%,0%,40%
Route 33,hoppip,True,True,Grass,6-8,35%,35%,0%
Route 33,spearow,True,True,Headbutt,3-5,50%,50%,50%
Route 33,aipom,True,True,Headbutt,3-5,20%,20%,20%
Route 33,heracross,True,True,Headbutt,3-5,30%,30%,30%
Route 33,spearow,True,True,Headbutt,6-8,80%,80%,80%
Route 33,aipom,True,True,Headbutt,6-8,20%,20%,20%
Route 33,plusle,True,True,Hoenn Sound,6-7,20%,20%,20%
Route 33,minun,True,True,Hoenn Sound,6,20%,20%,20%
Route 33,shinx,True,True,Sinnoh Sound,6-7,40%,40%,40%
Route 34,rattata,True,True,Grass,11-13,35%,35%,35%
Route 34,abra,True,True,Grass,10,10%,10%,10%
Route 34,drowzee,True,True,Grass,10-12,50%,50%,50%
Route 34,ditto,True,True,Grass,10,5%,5%,5%
Route 34,tentacool,True,True,Surfing,10-25,90%,90%,90%
Route 34,tentacruel,True,True,Surfing,15-29,10%,10%,10%
Route 34,krabby,True,True,Fishing Old Rod,10,5%,5%,5%
Route 34,magikarp,True,True,Fishing Old Rod,10,95%,95%,95%
Route 34,krabby,True,True,Fishing Good Rod,20,50%,50%,50%
Route 34,staryu,True,True,Fishing Good Rod,20,0%,0%,10%
Route 34,magikarp,True,True,Fishing Good Rod,20,40%,40%,40%
Route 34,corsola,True,True,Fishing Good Rod,20,10%,10%,0%
Route 34,krabby,True,True,Fishing Super Rod,40,60%,60%,60%
Route 34,kingler,True,True,Fishing Super Rod,40,10%,10%,10%
Route 34,staryu,True,True,Fishing Super Rod,40,0%,0%,30%
Route 34,corsola,True,True,Fishing Super Rod,40,30%,30%,0%
Route 34,exeggcute,True,True,Headbutt,9-10,20%,20%,20%
Route 34,hoothoot,True,True,Headbutt,9-10,50%,50%,50%
Route 34,pineco,True,True,Headbutt,9-10,30%,30%,30%
Route 34,exeggcute,True,True,Headbutt,11-12,20%,20%,20%
Route 34,hoothoot,True,True,Headbutt,11-12,50%,50%,50%
Route 34,ledyba,False,True,Headbutt,11-12,30%,30%,30%
Route 34,spinarak,True,False,Headbutt,11-12,30%,30%,30%
Route 34,ralts,True,True,Swarm,10-11,40%,40%,40%
Route 34,linoone,True,True,Hoenn Sound,12,20%,20%,20%
Route 34,whismur,True,True,Hoenn Sound,10-11,20%,20%,20%
Route 34,bidoof,True,True,Sinnoh Sound,12,20%,20%,20%
Route 34,buizel,True,True,Sinnoh Sound,10-11,20%,20%,20%
Route 35,pidgey,True,True,Grass,14,5%,5%,0%
Route 35,nidoran_f,True,True,Grass,12,30%,30%,30%
Route 35,nidoran_m,True,True,Grass,12,30%,30%,30%
Route 35,abra,True,True,Grass,10,10%,10%,10%
Route 35,drowzee,True,True,Grass,14,20%,20%,20%
Route 35,ditto,True,True,Grass,10,4%,4%,4%
Route 35,hoothoot,True,True,Grass,14,0%,0%,5%
Route 35,yanma,True,True,Grass,12,1%,1%,1%
Route 35,psyduck,True,True,Surfing,10-25,90%,90%,90%
Route 35,golduck,True,True,Surfing,15-31,10%,10%,10%
Route 35,poliwag,True,True,Fishing Old Rod,10,5%,5%,5%
Route 35,magikarp,True,True,Fishing Old Rod,10,95%,95%,95%
Route 35,poliwag,True,True,Fishing Good Rod,20,40%,40%,40%
Route 35,magikarp,True,True,Fishing Good Rod,20,60%,60%,60%
Route 35,poliwag,True,True,Fishing Super Rod,40,93%,93%,93%
Route 35,magikarp,True,True,Fishing Super Rod,40,7%,7%,7%
Route 35,exeggcute,True,True,Headbutt,9-10,20%,20%,20%
Route 35,hoothoot,True,True,Headbutt,9-10,50%,50%,50%
Route 35,pineco,True,True,Headbutt,9-10,30%,30%,30%
Route 35,exeggcute,True,True,Headbutt,10-11,20%,20%,20%
Route 35,hoothoot,True,True,Headbutt,10-11,50%,50%,50%
Route 35,ledyba,False,True,Headbutt,13-14,30%,30%,30%
Route 35,spinarak,True,False,Headbutt,13-14,30%,30%,30%
Route 35,yanma,True,True,Swarm,12,40%,40%,40%
Route 35,spearow,True,True,Gift,20,One,One,One
Route 35,linoone,True,True,Hoenn Sound,14,20%,20%,20%
Route 35,whismur,True,True,Hoenn Sound,12,20%,20%,20%
Route 35,bidoof,True,True,Sinnoh Sound,14,20%,20%,20%
Route 35,buizel,True,True,Sinnoh Sound,12,20%,20%,20%
Route 36,pidgey,True,True,Grass,13-15,25%,0%,0%
Route 36,pidgey,True,True,Grass,13,0%,20%,0%
Route 36,nidoran_f,True,True,Grass,12,30%,30%,30%
Route 36,nidoran_m,True,True,Grass,12,30%,30%,30%
Route 36,vulpix,False,True,Grass,13,10%,0%,10%
Route 36,vulpix,False,True,Grass,13-15,0%,15%,0%
Route 36,growlithe,True,False,Grass,13,10%,0%,10%
Route 36,growlithe,True,False,Grass,13-15,0%,15%,0%
Route 36,hoothoot,True,True,Grass,13-15,0%,0%,25%
Route 36,stantler,True,True,Grass,13,5%,5%,5%
Route 36,exeggcute,True,True,Headbutt,4-5,20%,20%,20%
Route 36,hoothoot,True,True,Headbutt,4-5,50%,50%,50%
Route 36,pineco,True,True,Headbutt,4-5,30%,30%,30%
Route 36,exeggcute,True,True,Headbutt,6-7,20%,20%,20%
Route 36,hoothoot,True,True,Headbutt,6-7,50%,50%,50%
Route 36,ledyba,False,True,Headbutt,6-7,30%,30%,30%
Route 36,spinarak,True,False,Headbutt,6-7,30%,30%,30%
Route 36,sudowoodo,True,True,Only one,20,One,One,One
Route 36,plusle,True,True,Hoenn Sound,12,20%,20%,20%
Route 36,minun,True,True,Hoenn Sound,13,20%,20%,20%
Route 36,shinx,True,True,Sinnoh Sound,12-13,40%,40%,40%
Route 37,pidgey,True,False,Grass,13-15,60%,50%,0%
Route 37,pidgey,False,True,Grass,15,20%,0%,0%
Route 37,pidgey,False,True,Grass,13-15,0%,50%,0%
Route 37,pidgeotto,True,True,Grass,15,0%,5%,0%
Route 37,vulpix,False,True,Grass,14,10%,0%,10%
Route 37,vulpix,False,True,Grass,14-15,0%,15%,0%
Route 37,growlithe,True,False,Grass,14,10%,0%,10%
Route 37,growlithe,True,False,Grass,14-15,0%,15%,0%
Route 37,hoothoot,True,False,Grass,15,0%,0%,20%
Route 37,hoothoot,False,True,Grass,13-15,0%,0%,60%
Route 37,ledyba,False,True,Grass,13-15,40%,0%,0%
Route 37,spinarak,True,False,Grass,13-15,0%,0%,40%
Route 37,stantler,True,True,Grass,15,30%,30%,30%
Route 37,exeggcute,True,True,Headbutt,12-14,20%,20%,20%
Route 37,hoothoot,True,True,Headbutt,12-14,50%,50%,50%
Route 37,pineco,True,True,Headbutt,12-14,30%,30%,30%
Route 37,exeggcute,True,True,Headbutt,15-17,20%,20%,20%
Route 37,hoothoot,True,True,Headbutt,15-17,50%,50%,50%
Route 37,ledyba,False,True,Headbutt,15-17,30%,30%,30%
Route 37,spinarak,True,False,Headbutt,15-17,30%,30%,30%
Route 37,plusle,True,True,Hoenn Sound,13-15,20%,20%,20%
Route 37,minun,True,True,Hoenn Sound,15,20%,20%,20%
Route 37,shinx,True,True,Sinnoh Sound,13-15,40%,40%,40%
Route 38,rattata,True,False,Grass,16,30%,30%,40%
Route 38,raticate,True,True,Grass,16,30%,30%,30%
Route 38,meowth,False,True,Grass,16,30%,30%,40%
Route 38,magnemite,True,True,Grass,16,20%,20%,20%
Route 38,farfetchd,True,True,Grass,16,10%,10%,0%
Route 38,tauros,True,True,Grass,13,4%,4%,4%
Route 38,snubbull,True,True,Grass,13,1%,1%,1%
Route 38,miltank,True,True,Grass,13,5%,5%,5%
Route 38,exeggcute,True,True,Headbutt,13-14,20%,20%,20%
Route 38,hoothoot,True,True,Headbutt,13-14,50%,50%,50%
Route 38,pineco,True,True,Headbutt,13-14,30%,30%,30%
Route 38,exeggcute,True,True,Headbutt,15-16,20%,20%,20%
Route 38,hoothoot,True,True,Headbutt,15-16,50%,50%,50%
Route 38,ledyba,False,True,Headbutt,15-16,30%,30%,30%
Route 38,spinarak,True,False,Headbutt,15-16,30%,30%,30%
Route 38,exeggcute,True,True,Headbutt,18-20,65%,65%,65%
Route 38,burmy_plant cloak,True,True,Headbutt,18-20,30%,30%,30%
Route 38,burmy_plant cloak,True,True,Headbutt,21-25,5%,5%,5%
Route 38,snubbull,True,True,Swarm,13-16,40%,40%,40%
Route 38,plusle,True,True,Hoenn Sound,16,20%,20%,20%
Route 38,minun,True,True,Hoenn Sound,16,20%,20%,20%
Route 38,shinx,True,True,Sinnoh Sound,16,40%,40%,40%
Route 39,rattata,True,False,Grass,16,30%,30%,40%
Route 39,raticate,True,True,Grass,17,30%,30%,30%
Route 39,meowth,False,True,Grass,16,30%,30%,40%
Route 39,magnemite,True,True,Grass,16,20%,20%,20%
Route 39,farfetchd,True,True,Grass,16,10%,10%,0%
Route 39,tauros,True,True,Grass,15,5%,5%,5%
Route 39,miltank,True,True,Grass,15,5%,5%,5%
Route 39,exeggcute,True,True,Headbutt,14-15,20%,20%,20%
Route 39,hoothoot,True,True,Headbutt,14-15,50%,50%,50%
Route 39,pineco,True,True,Headbutt,14-15,30%,30%,30%
Route 39,exeggcute,True,True,Headbutt,16-17,20%,20%,20%
Route 39,hoothoot,True,True,Headbutt,16-17,50%,50%,50%
Route 39,ledyba,False,True,Headbutt,16-17,30%,30%,30%
Route 39,spinarak,True,False,Headbutt,16-17,30%,30%,30%
Route 39,plusle,True,True,Hoenn Sound,16-17,20%,20%,20%
Route 39,minun,True,True,Hoenn Sound,16,20%,20%,20%
Route 39,shinx,True,True,Sinnoh Sound,16-17,40%,40%,40%
Route 40,tentacool,True,True,Surfing,10-25,90%,90%,90%
Route 40,tentacruel,True,True,Surfing,15-29,10%,10%,10%
Route 40,krabby,True,True,Fishing Old Rod,10,15%,15%,15%
Route 40,magikarp,True,True,Fishing Old Rod,10,15%,15%,15%
Route 40,krabby,True,True,Fishing Good Rod,20,50%,50%,50%
Route 40,staryu,True,True,Fishing Good Rod,20,0%,0%,10%
Route 40,magikarp,True,True,Fishing Good Rod,20,40%,40%,40%
Route 40,corsola,True,True,Fishing Good Rod,20,10%,10%,0%
Route 40,krabby,True,True,Fishing Super Rod,40,60%,60%,60%
Route 40,kingler,True,True,Fishing Super Rod,40,10%,10%,10%
Route 40,staryu,True,True,Fishing Super Rod,40,0%,0%,30%
Route 40,corsola,True,True,Fishing Super Rod,40,30%,30%,0%
Route 41,tentacool,True,True,Surfing,15-25,60%,60%,60%
Route 41,tentacruel,True,False,Surfing,15-25,30%,30%,30%
Route 41,tentacruel,False,True,Surfing,15-25,40%,40%,40%
Route 41,mantine,True,False,Surfing,15-25,10%,10%,10%
Route 41,tentacool,True,True,Fishing Old Rod,10,15%,15%,15%
Route 41,magikarp,True,True,Fishing Old Rod,10,85%,85%,85%
Route 41,tentacool,True,True,Fishing Good Rod,20,30%,30%,30%
Route 41,shellder,True,True,Fishing Good Rod,20,10%,10%,10%
Route 41,magikarp,True,True,Fishing Good Rod,20,40%,40%,40%
Route 41,chinchou,True,True,Fishing Good Rod,20,20%,20%,20%
Route 41,tentacruel,True,True,Fishing Super Rod,40,20%,20%,20%
Route 41,shellder,True,True,Fishing Super Rod,40,30%,30%,30%
Route 41,chinchou,True,True,Fishing Super Rod,40,40%,40%,40%
Route 41,lanturn,True,True,Fishing Super Rod,40,10%,10%,10%
Route 42,spearow,True,False,Grass,14-16,30%,30%,0%
Route 42,spearow,False,True,Grass,14-16,40%,40%,0%
Route 42,zubat,True,False,Grass,14-16,0%,0%,30%
Route 42,zubat,False,True,Grass,14-16,0%,0%,40%
Route 42,mankey,True,False,Grass,15,30%,30%,30%
Route 42,mareep,True,False,Grass,13,30%,30%,30%
Route 42,mareep,False,True,Grass,13-15,50%,50%,50%
Route 42,flaaffy,True,True,Grass,15-17,10%,10%,10%
Route 42,goldeen,True,True,Surfing,10-25,90%,90%,90%
Route 42,seaking,True,True,Surfing,15-25,10%,10%,10%
Route 42,goldeen,True,True,Fishing Old Rod,10,15%,15%,15%
Route 42,magikarp,True,True,Fishing Old Rod,10,85%,85%,85%
Route 42,goldeen,True,True,Fishing Good Rod,20,60%,60%,60%
Route 42,magikarp,True,True,Fishing Good Rod,20,40%,40%,40%
Route 42,goldeen,True,True,Fishing Super Rod,40,70%,70%,70%
Route 42,seaking,True,True,Fishing Super Rod,40,10%,10%,10%
Route 42,magikarp,True,True,Fishing Super Rod,40,20%,20%,20%
Route 42,spearow,True,True,Headbutt,13-14,50%,50%,50%
Route 42,aipom,True,True,Headbutt,13-14,20%,20%,20%
Route 42,heracross,True,True,Headbutt,13-14,30%,30%,30%
Route 42,spearow,True,True,Headbutt,15-16,80%,80%,80%
Route 42,aipom,True,True,Headbutt,15-16,20%,20%,20%
Route 42,linoone,True,True,Hoenn Sound,14,20%,20%,20%
Route 42,whismur,True,True,Hoenn Sound,13-14,20%,20%,20%
Route 42,bidoof,True,True,Sinnoh Sound,14,20%,20%,20%
Route 42,buizel,True,True,Sinnoh Sound,13-14,20%,20%,20%
Route 43,pidgeotto,True,True,Grass,17,25%,20%,0%
Route 43,venonat,True,True,Grass,16,5%,0%,0%
Route 43,venonat,True,True,Grass,15-17,0%,0%,15%
Route 43,noctowl,True,True,Grass,17,0%,0%,20%
Route 43,mareep,True,True,Grass,15,10%,10%,0%
Route 43,mareep,True,True,Grass,16,0%,0%,5%
Route 43,flaaffy,True,True,Grass,15,30%,0%,30%
Route 43,flaaffy,True,True,Grass,15-17,0%,40%,0%
Route 43,girafarig,True,True,Grass,15,30%,30%,30%
Route 43,magikarp,True,True,Surfing,"5-25, 50",100%,100%,100%
Route 43,poliwag,True,True,Fishing Old Rod,10,15%,15%,15%
Route 43,magikarp,True,True,Fishing Old Rod,10,85%,85%,85%
Route 43,poliwag,True,True,Fishing Good Rod,20,60%,60%,60%
Route 43,magikarp,True,True,Fishing Good Rod,20,40%,40%,40%
Route 43,poliwag,True,True,Fishing Super Rod,40,80%,80%,80%
Route 43,magikarp,True,True,Fishing Super Rod,40,20%,20%,20%
Route 43,exeggcute,True,True,Headbutt,15-16,20%,20%,20%
Route 43,hoothoot,True,True,Headbutt,15-16,50%,50%,50%
Route 43,pineco,True,True,Headbutt,15-16,30%,30%,30%
Route 43,venonat,True,True,Headbutt,17-18,15%,15%,15%
Route 43,exeggcute,True,True,Headbutt,17-18,20%,20%,20%
Route 43,hoothoot,True,True,Headbutt,17-18,65%,65%,65%
Route 43,linoone,True,True,Hoenn Sound,17,20%,20%,20%
Route 43,whismur,True,True,Hoenn Sound,15,20%,20%,20%
Route 43,bidoof,True,True,Sinnoh Sound,17,20%,20%,20%
Route 43,buizel,True,True,Sinnoh Sound,15,20%,20%,20%
Route 44,bellsprout,True,True,Grass,22,20%,20%,20%
Route 44,weepinbell,True,True,Grass,22-24,35%,35%,35%
Route 44,lickitung,True,True,Grass,24-26,15%,15%,15%
Route 44,tangela,True,True,Grass,23,30%,30%,30%
Route 44,poliwag,True,True,Surfing,10-30,90%,90%,90%
Route 44,poliwhirl,True,True,Surfing,15-32,10%,10%,10%
Route 44,poliwag,True,True,Fishing Old Rod,10,15%,15%,15%
Route 44,magikarp,True,True,Fishing Old Rod,10,85%,85%,85%
Route 44,poliwag,True,True,Fishing Good Rod,20,55%,55%,55%
Route 44,magikarp,True,True,Fishing Good Rod,20,40%,40%,40%
Route 44,remoraid,True,True,Fishing Good Rod,20,5%,5%,5%
Route 44,poliwag,True,True,Fishing Super Rod,40,70%,70%,70%
Route 44,magikarp,True,True,Fishing Super Rod,40,20%,20%,20%
Route 44,remoraid,True,True,Fishing Super Rod,40,10%,10%,10%
Route 44,spearow,True,True,Headbutt,21-22,50%,50%,50%
Route 44,aipom,True,True,Headbutt,21-22,20%,20%,20%
Route 44,heracross,True,True,Headbutt,21-22,30%,30%,30%
Route 44,spearow,True,True,Headbutt,23-24,80%,80%,80%
Route 44,aipom,True,True,Headbutt,23-24,20%,20%,20%
Route 44,poliwag,True,True,Fishing Old Rod,10,15%,15%,15%
Route 44,magikarp,True,True,Fishing Old Rod,10,70%,70%,70%
Route 44,remoraid,True,True,Fishing Old Rod,10,15%,15%,15%
Route 44,poliwag,True,True,Fishing Good Rod,20,30%,30%,30%
Route 44,remoraid,True,True,Fishing Good Rod,20,70%,70%,70%
Route 44,remoraid,True,True,Fishing Super Rod,40,100%,100%,100%
Route 44,linoone,True,True,Hoenn Sound,22,20%,20%,20%
Route 44,whismur,True,True,Hoenn Sound,22-23,20%,20%,20%
Route 44,bidoof,True,True,Sinnoh Sound,22,20%,20%,20%
Route 44,buizel,True,True,Sinnoh Sound,22-23,20%,20%,20%
Route 45,geodude,True,True,Grass,23,30%,30%,30%
Route 45,graveler,True,False,Grass,23-27,40%,40%,40%
Route 45,graveler,False,True,Grass,23-25,55%,55%,55%
Route 45,gligar,True,False,Grass,24,20%,20%,20%
Route 45,teddiursa,False,True,Grass,20,10%,10%,10%
Route 45,skarmory,False,True,Grass,27,5%,5%,5%
Route 45,phanpy,True,False,Grass,20,10%,10%,10%
Route 45,magikarp,True,True,Surfing,2-25,100%,100%,100%
Route 45,poliwag,True,True,Fishing Old Rod,10,15%,15%,15%
Route 45,magikarp,True,True,Fishing Old Rod,10,85%,85%,85%
Route 45,poliwag,True,True,Fishing Good Rod,20,60%,60%,60%
Route 45,magikarp,True,True,Fishing Good Rod,20,40%,40%,40%
Route 45,poliwag,True,True,Fishing Super Rod,40,80%,80%,80%
Route 45,magikarp,True,True,Fishing Super Rod,40,20%,20%,20%
Route 45,spearow,True,True,Headbutt,23-24,50%,50%,50%
Route 45,aipom,True,True,Headbutt,23-24,20%,20%,20%
Route 45,heracross,True,True,Headbutt,23-24,15%,15%,15%
Route 45,heracross,True,True,Headbutt,23-25,15%,15%,15%
Route 45,spearow,True,True,Headbutt,26-27,80%,80%,80%
Route 45,aipom,True,True,Headbutt,26-27,20%,20%,20%
Route 45,swablu,True,True,Swarm,23,40%,40%,40%
Route 45,linoone,True,True,Hoenn Sound,24,20%,20%,20%
Route 45,whismur,True,True,Hoenn Sound,23,20%,20%,20%
Route 45,bidoof,True,True,Sinnoh Sound,24,20%,20%,20%
Route 45,buizel,True,True,Sinnoh Sound,23,20%,20%,20%
Route 46,rattata,True,True,Grass,2-4,25%,25%,55%
Route 46,spearow,True,True,Grass,2-3,35%,35%,0%
Route 46,geodude,True,True,Grass,2-3,40%,40%,45%
Route 46,spearow,True,True,Headbutt,2-3,50%,50%,50%
Route 46,aipom,True,True,Headbutt,2-3,20%,20%,20%
Route 46,heracross,True,True,Headbutt,2-3,30%,30%,30%
Route 46,spearow,True,True,Headbutt,4-5,80%,80%,80%
Route 46,aipom,True,True,Headbutt,4-5,20%,20%,20%
Route 46,plusle,True,True,Hoenn Sound,2-3,20%,20%,20%
Route 46,minun,True,True,Hoenn Sound,2,20%,20%,20%
Route 46,shinx,True,True,Sinnoh Sound,2-3,40%,40%,40%
DIGLETT's Cave,diglett,True,True,Cave,13-19,90%,90%,90%
DIGLETT's Cave,dugtrio,True,True,Cave,19-29,10%,10%,10%
DIGLETT's Cave,rhyhorn,True,True,Trade Bonsly,The same as the Traded Pokémon,One Mo Sa *,One Mo Sa *,One Mo Sa *
DIGLETT's Cave,makuhita,True,True,Hoenn Sound,19,20%,20%,20%
DIGLETT's Cave,absol,True,True,Hoenn Sound,15-17,20%,20%,20%
DIGLETT's Cave,chingling,True,True,Sinnoh Sound,19,20%,20%,20%
DIGLETT's Cave,bronzor,True,True,Sinnoh Sound,15-17,20%,20%,20%
Rock Tunnel,cubone,True,True,Cave,10-13,35%,35%,35%
Rock Tunnel,geodude,True,True,Cave,10,30%,30%,30%
Rock Tunnel,machop,True,True,Cave,12,20%,20%,20%
Rock Tunnel,zubat,True,True,Cave,8,10%,10%,10%
Rock Tunnel,machoke,True,True,Cave,14,5%,5%,5%
Rock Tunnel,makuhita,True,True,Hoenn Sound,12,20%,20%,20%
Rock Tunnel,absol,True,True,Hoenn Sound,10,20%,20%,20%
Rock Tunnel,chingling,True,True,Sinnoh Sound,12,20%,20%,20%
Rock Tunnel,bronzor,True,True,Sinnoh Sound,10,20%,20%,20%
Power Plant,magneton,True,True,Trade Dugtrio,The same as the Traded Pokémon,One,One,One
Seafoam Islands,zubat,True,True,Cave,26-28,30%,30%,30%
Seafoam Islands,golbat,True,True,Cave,30-32,30%,30%,30%
Seafoam Islands,psyduck,True,True,Cave,28-29,30%,30%,30%
Seafoam Islands,golduck,True,True,Cave,32,10%,10%,10%
Seafoam Islands,makuhita,True,True,Hoenn Sound,30-32,20%,20%,20%
Seafoam Islands,absol,True,True,Hoenn Sound,28-29,20%,20%,20%
Seafoam Islands,chingling,True,True,Sinnoh Sound,30-32,20%,20%,20%
Seafoam Islands,bronzor,True,True,Sinnoh Sound,28-29,20%,20%,20%
Sprout Tower,rattata,True,True,1F-3F,3-6,100%,100%,0%
Sprout Tower,rattata,True,True,1F-3F,3-5,0%,0%,15%
Sprout Tower,gastly,True,True,1F-3F,3-6,0%,0%,85%
Sprout Tower,zigzagoon,True,True,Hoenn Sound,3-4,20%,20%,20%
Sprout Tower,meditite,True,True,Sinnoh Sound,5,20%,20%,20%
Sprout Tower,spinda,True,True,Hoenn Sound,5,20%,20%,20%
Sprout Tower,chatot,True,True,Sinnoh Sound,3-4,20%,20%,20%
Bell Tower,rattata,True,True,2F-10F,20-24,100%,100%,20%
Bell Tower,gastly,True,True,2F-10F,20-22,0%,0%,80%
Bell Tower,ho_oh,True,False,Only one,45,One,One,One
Bell Tower,ho_oh,False,True,Only one,70,One,One,One
Bell Tower,zigzagoon,True,True,Hoenn Sound,20-21,20%,20%,20%
Bell Tower,meditite,True,True,Sinnoh Sound,22,20%,20%,20%
Bell Tower,spinda,True,True,Hoenn Sound,22,20%,20%,20%
Bell Tower,chatot,True,True,Sinnoh Sound,20-21,20%,20%,20%
Burned Tower,rattata,True,True,1F,13-15,50%,50%,50%
Burned Tower,raticate,True,True,1F,15,5%,5%,5%
Burned Tower,zubat,True,True,1F,14,10%,10%,10%
Burned Tower,koffing,True,True,1F,14-16,35%,35%,35%
Burned Tower,zigzagoon,True,True,Hoenn Sound,13-14,20%,20%,20%
Burned Tower,spinda,True,True,Hoenn Sound,15,20%,20%,20%
Burned Tower,meditite,True,True,Sinnoh Sound,15,20%,20%,20%
Burned Tower,chatot,True,True,Sinnoh Sound,14,20%,20%,20%
National Park,caterpie,True,False,Grass,"10, 12",50%,0%,0%
National Park,caterpie,True,False,Grass,10,0%,30%,0%
National Park,metapod,True,False,Grass,10,30%,30%,0%
National Park,weedle,False,True,Grass,"10, 12",50%,0%,0%
National Park,weedle,False,True,Grass,10,0%,30%,0%
National Park,kakuna,False,True,Grass,10,30%,30%,0%
National Park,pidgey,True,True,Grass,"10, 12, 14",20%,0%,0%
National Park,pidgey,True,True,Grass,"12, 14",0%,15%,0%
National Park,hoothoot,True,True,Grass,"10, 12, 14",0%,0%,100%
National Park,sunkern,True,True,Grass,"10, 12",0%,25%,0%
National Park,exeggcute,True,True,Headbutt,10-12,20%,20%,20%
National Park,hoothoot,True,True,Headbutt,10-12,50%,50%,50%
National Park,pineco,True,True,Headbutt,10-12,30%,30%,30%
National Park,exeggcute,True,True,Headbutt,13-15,20%,20%,20%
National Park,hoothoot,True,True,Headbutt,13-15,50%,50%,50%
National Park,ledyba,False,True,Headbutt,13-15,30%,30%,30%
National Park,spinarak,True,False,Headbutt,13-15,30%,30%,30%
National Park,exeggcute,True,True,Headbutt,18-20,65%,65%,65%
National Park,cherubi,True,True,Headbutt,18-20,30%,30%,30%
National Park,cherubi,True,True,Headbutt,21-25,5%,5%,5%
National Park,plusle,True,True,Hoenn Sound,10,20%,20%,20%
National Park,minun,True,True,Hoenn Sound,12,20%,20%,20%
National Park,shinx,True,True,Sinnoh Sound,"10, 12",40%,40%,40%
Ruins of Alph,unown,True,True,Cave,5,100%,100%,100%
SLOWPOKE Well,zubat,True,True,Cave,5-8,85%,85%,85%
SLOWPOKE Well,slowpoke,True,True,Cave,6-8,15%,15%,15%
SLOWPOKE Well,slowpoke,True,True,Surfing,5-25,100%,100%,100%
SLOWPOKE Well,goldeen,True,True,Fishing Old Rod,10,15%,15%,15%
SLOWPOKE Well,magikarp,True,True,Fishing Old Rod,10,85%,85%,85%
SLOWPOKE Well,goldeen,True,True,Fishing Good Rod,20,60%,60%,60%
SLOWPOKE Well,magikarp,True,True,Fishing Good Rod,20,40%,40%,40%
SLOWPOKE Well,goldeen,True,True,Fishing Super Rod,40,70%,70%,70%
SLOWPOKE Well,seaking,True,True,Fishing Super Rod,40,10%,10%,10%
SLOWPOKE Well,magikarp,True,True,Fishing Super Rod,40,20%,20%,20%
SLOWPOKE Well,makuhita,True,True,Hoenn Sound,7,20%,20%,20%
SLOWPOKE Well,absol,True,True,Hoenn Sound,5-6,20%,20%,20%
SLOWPOKE Well,chingling,True,True,Sinnoh Sound,7,20%,20%,20%
SLOWPOKE Well,bronzor,True,True,Sinnoh Sound,5,20%,20%,20%
Ilex Forest,caterpie,True,False,Grass,5-6,50%,60%,0%
Ilex Forest,metapod,True,False,Grass,5-6,30%,30%,0%
Ilex Forest,weedle,False,True,Grass,5-6,50%,60%,0%
Ilex Forest,kakuna,False,True,Grass,5-6,30%,30%,0%
Ilex Forest,zubat,True,True,Grass,5-6,5%,5%,25%
Ilex Forest,oddish,True,True,Grass,5-6,0%,0%,60%
Ilex Forest,paras,True,True,Grass,5-6,15%,5%,15%
Ilex Forest,caterpie,True,False,Headbutt,3-5,30%,30%,30%
Ilex Forest,metapod,True,False,Headbutt,3-5,10%,10%,10%
Ilex Forest,weedle,False,True,Headbutt,3-5,30%,30%,30%
Ilex Forest,kakuna,False,True,Headbutt,3-5,10%,10%,10%
Ilex Forest,hoothoot,True,True,Headbutt,3-5,60%,60%,60%
Ilex Forest,butterfree,True,False,Headbutt,6-8,10%,10%,10%
Ilex Forest,beedrill,False,True,Headbutt,6-8,10%,10%,10%
Ilex Forest,hoothoot,True,True,Headbutt,6-8,50%,50%,50%
Ilex Forest,noctowl,True,True,Headbutt,6-8,10%,10%,10%
Ilex Forest,pineco,True,True,Headbutt,6-8,30%,30%,30%
Ilex Forest,psyduck,True,True,Surfing,5-20,90%,90%,90%
Ilex Forest,golduck,True,True,Surfing,10-20,10%,10%,10%
Ilex Forest,poliwag,True,True,Fishing Old Rod,10,15%,15%,15%
Ilex Forest,magikarp,True,True,Fishing Old Rod,10,85%,85%,85%
Ilex Forest,poliwag,True,True,Fishing Good Rod,20,60%,60%,60%
Ilex Forest,magikarp,True,True,Fishing Good Rod,20,40%,40%,40%
Ilex Forest,poliwag,True,True,Fishing Super Rod,40,80%,80%,80%
Ilex Forest,magikarp,True,True,Fishing Super Rod,40,20%,20%,20%
Ilex Forest,pichu_spiky_eared,True,True,Event Pikachu-colored Pichu,30,One,One,One
Ilex Forest,numel,True,True,Hoenn Sound,6,20%,20%,20%
Ilex Forest,spoink,True,True,Hoenn Sound,5-6,20%,20%,20%
Ilex Forest,budew,True,True,Sinnoh Sound,5-6,20%,20%,20%
Ilex Forest,carnivine,True,True,Sinnoh Sound,6,20%,20%,20%
Mt. Mortar,rattata,True,True,Cave,"14, 16",14%,14%,14%
Mt. Mortar,zubat,True,True,Cave,"13, 15",60%,60%,60%
Mt. Mortar,machop,True,True,Cave,14,20%,20%,20%
Mt. Mortar,geodude,True,True,Cave,14,5%,5%,5%
Mt. Mortar,marill,True,True,Cave,15,1%,1%,1%
Mt. Mortar,goldeen,True,True,Surfing,10-25,90%,90%,90%
Mt. Mortar,seaking,True,True,Surfing,15-25,10%,10%,10%
Mt. Mortar,goldeen,True,True,Fishing Old Rod,10,15%,15%,15%
Mt. Mortar,magikarp,True,True,Fishing Old Rod,10,85%,85%,85%
Mt. Mortar,goldeen,True,True,Fishing Good Rod,20,60%,60%,60%
Mt. Mortar,magikarp,True,True,Fishing Good Rod,20,40%,40%,40%
Mt. Mortar,goldeen,True,True,Fishing Super Rod,40,70%,70%,70%
Mt. Mortar,seaking,True,True,Fishing Super Rod,40,10%,10%,10%
Mt. Mortar,magikarp,True,True,Fishing Super Rod,40,20%,20%,20%
Mt. Mortar,rattata,True,True,Cave,"14, 16",14%,14%,14%
Mt. Mortar,zubat,True,True,Cave,"13, 15",20%,20%,20%
Mt. Mortar,machop,True,True,Cave,14,20%,20%,20%
Mt. Mortar,geodude,True,True,Cave,14,5%,5%,5%
Mt. Mortar,marill,True,True,Cave,13-15,41%,41%,41%
Mt. Mortar,makuhita,True,True,Hoenn Sound,14,20%,20%,20%
Mt. Mortar,absol,True,True,Hoenn Sound,13-15,20%,20%,20%
Mt. Mortar,chingling,True,True,Sinnoh Sound,14,20%,20%,20%
Mt. Mortar,bronzor,True,True,Sinnoh Sound,13-15,20%,20%,20%
Ice Path,zubat,True,False,Cave,22,25%,20%,25%
Ice Path,zubat,False,True,Cave,22,5%,0%,5%
Ice Path,golbat,True,True,Cave,22,30%,30%,30%
Ice Path,jynx,True,True,Cave,22,5%,10%,5%
Ice Path,swinub,True,True,Cave,21-24,40%,40%,40%
Ice Path,delibird,False,True,Cave,22-23,20%,20%,20%
Ice Path,makuhita,True,True,Hoenn Sound,22,20%,20%,20%
Ice Path,absol,True,True,Hoenn Sound,21-22,20%,20%,20%
Ice Path,chingling,True,True,Sinnoh Sound,22,20%,20%,20%
Ice Path,bronzor,True,True,Sinnoh Sound,21-22,20%,20%,20%
Whirl Islands,zubat,True,True,Cave,23,30%,30%,30%
Whirl Islands,golbat,True,True,Cave,23,5%,5%,5%
Whirl Islands,seel,True,True,Cave,22-24,15%,15%,15%
Whirl Islands,krabby,True,True,Cave,22-24,50%,50%,50%
Whirl Islands,tentacool,True,True,Surfing,15-25,60%,60%,60%
Whirl Islands,tentacruel,True,True,Surfing,15-25,10%,10%,10%
Whirl Islands,horsea,True,True,Surfing,10-20,30%,30%,30%
Whirl Islands,krabby,True,True,Fishing Old Rod,10,15%,15%,15%
Whirl Islands,magikarp,True,True,Fishing Old Rod,10,85%,85%,85%
Whirl Islands,krabby,True,True,Fishing Good Rod,20,50%,50%,50%
Whirl Islands,horsea,True,True,Fishing Good Rod,20,10%,10%,10%
Whirl Islands,magikarp,True,True,Fishing Good Rod,20,40%,40%,40%
Whirl Islands,krabby,True,True,Fishing Super Rod,40,40%,40%,40%
Whirl Islands,kingler,True,True,Fishing Super Rod,40,20%,20%,20%
Whirl Islands,horsea,True,True,Fishing Super Rod,40,30%,30%,30%
Whirl Islands,seadra,True,True,Fishing Super Rod,40,10%,10%,10%
Whirl Islands,makuhita,True,True,Hoenn Sound,24,20%,20%,20%
Whirl Islands,absol,True,True,Hoenn Sound,22-23,20%,20%,20%
Whirl Islands,chingling,True,True,Sinnoh Sound,24,20%,20%,20%
Whirl Islands,bronzor,True,True,Sinnoh Sound,22-23,20%,20%,20%
Dark Cave,zubat,True,True,Cave,2-4,39%,39%,39%
Dark Cave,geodude,True,True,Cave,2-4,60%,60%,60%
Dark Cave,dunsparce,True,True,Cave,4,1%,1%,1%
Dark Cave,magikarp,True,True,Surfing,2-20,100%,100%,100%
Dark Cave,goldeen,True,True,Fishing Old Rod,10,15%,15%,15%
Dark Cave,magikarp,True,True,Fishing Old Rod,10,85%,85%,85%
Dark Cave,goldeen,True,True,Fishing Good Rod,20,60%,60%,60%
Dark Cave,magikarp,True,True,Fishing Good Rod,20,40%,40%,40%
Dark Cave,goldeen,True,True,Fishing Super Rod,40,70%,70%,70%
Dark Cave,seaking,True,True,Fishing Super Rod,40,10%,10%,10%
Dark Cave,magikarp,True,True,Fishing Super Rod,40,20%,20%,20%
Dark Cave,geodude,True,True,Rock Smash,8-14,10%,10%,10%
Dark Cave,dunsparce,True,True,Rock Smash,4-8,90%,90%,90%
Dark Cave,zubat,True,True,Cave,2-4,19%,19%,19%
Dark Cave,geodude,True,True,Cave,2-4,40%,40%,40%
Dark Cave,dunsparce,True,True,Cave,2-4,41%,41%,41%
Dark Cave,makuhita,True,True,Hoenn Sound,2,20%,20%,20%
Dark Cave,absol,True,True,Hoenn Sound,2-3,20%,20%,20%
Dark Cave,chingling,True,True,Sinnoh Sound,2,20%,20%,20%
Dark Cave,bronzor,True,True,Sinnoh Sound,2-3,20%,20%,20%
Tohjo Falls,raticate,True,True,Cave,22,30%,30%,30%
Tohjo Falls,zubat,True,True,Cave,22,30%,30%,30%
Tohjo Falls,golbat,True,True,Cave,22,20%,20%,20%
Tohjo Falls,slowpoke,True,True,Cave,20-23,15%,15%,15%
Tohjo Falls,rattata,True,True,Cave,20,5%,5%,5%
Tohjo Falls,goldeen,True,True,Surfing,20,60%,60%,60%
Tohjo Falls,slowpoke,True,True,Surfing,20,30%,30%,30%
Tohjo Falls,seaking,True,True,Surfing,20,10%,10%,10%
Tohjo Falls,magikarp,True,True,Fishing Old Rod,10,95%,95%,95%
Tohjo Falls,goldeen,True,True,Fishing Old Rod,10,5%,5%,5%
Tohjo Falls,magikarp,True,True,Fishing Good Rod,20,60%,60%,60%
Tohjo Falls,goldeen,True,True,Fishing Good Rod,20,40%,40%,40%
Tohjo Falls,goldeen,True,True,Fishing Super Rod,40,90%,90%,90%
Tohjo Falls,magikarp,True,True,Fishing Super Rod,40,7%,7%,7%
Tohjo Falls,seaking,True,True,Fishing Super Rod,40,3%,3%,3%
Tohjo Falls,makuhita,True,True,Hoenn Sound,22,20%,20%,20%
Tohjo Falls,absol,True,True,Hoenn Sound,22,20%,20%,20%
Tohjo Falls,chingling,True,True,Sinnoh Sound,22,20%,20%,20%
Tohjo Falls,bronzor,True,True,Sinnoh Sound,22,20%,20%,20%
Viridian Forest,caterpie,True,False,Grass,3,40%,40%,0%
Viridian Forest,weedle,False,True,Grass,3,40%,40%,0%
Viridian Forest,metapod,True,False,Grass,3-5,30%,30%,0%
Viridian Forest,kakuna,False,True,Grass,3-5,30%,30%,0%
Viridian Forest,pidgey,True,True,Grass,3,10%,0%,0%
Viridian Forest,pidgey,True,True,Grass,3-7,0%,15%,0%
Viridian Forest,butterfree,True,False,Grass,7,10%,0%,0%
Viridian Forest,beedrill,False,True,Grass,7,10%,0%,0%
Viridian Forest,pikachu,True,True,Grass,4-7,6%,6%,0%
Viridian Forest,pikachu,True,True,Grass,4,0%,0%,5%
Viridian Forest,pidgeotto,True,True,Grass,7,4%,9%,0%
Viridian Forest,hoothoot,True,True,Grass,3-5,0%,0%,80%
Viridian Forest,noctowl,True,True,Grass,7,0%,0%,15%
Viridian Forest,hoothoot,True,True,Headbutt,3-4,50%,50%,50%
Viridian Forest,ledyba,False,True,Headbutt,3-4,10%,10%,10%
Viridian Forest,spinarak,True,False,Headbutt,3-4,10%,10%,10%
Viridian Forest,seedot,True,False,Headbutt,3-4,30%,30%,30%
Viridian Forest,seedot,False,True,Headbutt,3-4,5%,5%,5%
Viridian Forest,shroomish,True,False,Headbutt,3-4,5%,5%,5%
Viridian Forest,shroomish,False,True,Headbutt,3-4,30%,30%,30%
Viridian Forest,noctowl,True,True,Headbutt,5-7,50%,50%,50%
Viridian Forest,ledian,False,True,Headbutt,5-7,10%,10%,10%
Viridian Forest,ariados,True,False,Headbutt,5-7,10%,10%,10%
Viridian Forest,seedot,True,False,Headbutt,5-7,30%,30%,30%
Viridian Forest,seedot,False,True,Headbutt,5-7,5%,5%,5%
Viridian Forest,shroomish,True,False,Headbutt,5-7,5%,5%,5%
Viridian Forest,shroomish,False,True,Headbutt,5-7,30%,30%,30%
Viridian Forest,kricketot,True,True,Swarm,3-5,40%,40%,40%
Viridian Forest,numel,True,True,Hoenn Sound,5,20%,20%,20%
Viridian Forest,spoink,True,True,Hoenn Sound,3,20%,20%,20%
Viridian Forest,budew,True,True,Sinnoh Sound,3,20%,20%,20%
Viridian Forest,carnivine,True,True,Sinnoh Sound,5,20%,20%,20%
